uniprot_accession	cluster_id	cluster_representative	cluster_size	source_dataset
A0A087WU62	36	A0A087WU62	2	hsp60
A0A0B4J2F0	157	A0A0B4J2F0	1	mito
A1L188	158	A1L188	1	mito
A3KMH1	159	A3KMH1	1	matrix,mito
A4D1E9	37	A4D1E9	2	matrix,mito
A6NC05	160	A6NC05	1	matrix,mito
A6NFY7	161	A6NFY7	1	matrix,mito
A6NJ78	162	A6NJ78	1	matrix,mito
A6NK06	163	A6NK06	1	matrix,mito
A6NK58	164	A6NK58	1	matrix,mito
A6NNL5	165	A6NNL5	1	matrix,mito
A8MSI8	166	A8MSI8	1	mito
A8MUP2	167	A8MUP2	1	matrix,mito
A8MXV4	168	A8MXV4	1	hsp60,matrix,mito
B4DEF8	36	A0A087WU62	2	matrix,mito
B4DJ38	18	O75127	3	mito
G3V325	18	O75127	3	hsp60
H0UI37	169	H0UI37	1	mito
O00142	170	O00142	1	matrix,mito
O00154	171	O00154	1	matrix,mito
O00217	172	O00217	1	mito
O00330	38	O00330	2	hsp60,matrix,mito
O00408	173	O00408	1	mito
O00411	174	O00411	1	hsp60,matrix,mito
O00429	175	O00429	1	mito
O00483	176	O00483	1	hsp60,mito
O00746	29	Q13232	3	hsp60,mito
O00763	39	O00763	2	mito
O14521	177	O14521	1	mito
O14548	26	P24310	3	hsp60,mito
O14561	178	O14561	1	mito
O14832	179	O14832	1	matrix,mito
O14874	180	O14874	1	hsp60,matrix,mito
O14880	181	O14880	1	mito
O14925	182	O14925	1	mito
O14949	183	O14949	1	mito
O14957	184	O14957	1	mito
O15091	185	O15091	1	hsp60,matrix,mito
O15229	186	O15229	1	mito
O15235	187	O15235	1	hsp60,matrix,mito
O15239	188	O15239	1	mito
O15270	189	O15270	1	mito
O15382	190	O15382	1	hsp60,matrix,mito
O15527	191	O15527	1	matrix,mito
O15528	17	O15528	3	mito
O43169	192	O43169	1	mito
O43181	193	O43181	1	hsp60,mito
O43236	194	O43236	1	mito
O43272	146	Q9UF12	2	mito
O43325	195	O43325	1	mito
O43464	196	O43464	1	mito
O43488	197	O43488	1	hsp60,matrix,mito
O43521	198	O43521	1	mito
O43572	199	O43572	1	mito
O43615	200	O43615	1	hsp60,mito
O43674	201	O43674	1	mito
O43676	202	O43676	1	mito
O43677	203	O43677	1	mito
O43678	204	O43678	1	hsp60,mito
O43708	205	O43708	1	matrix,mito
O43715	206	O43715	1	mito
O43716	207	O43716	1	matrix,mito
O43766	86	P60716	2	matrix,mito
O43772	4	Q8N8R3	7	mito
O43819	40	O43819	2	mito
O43824	208	O43824	1	matrix,mito
O43837	28	P50213	3	matrix,mito
O43847	41	O43847	2	matrix,mito
O43865	209	O43865	1	mito
O43920	210	O43920	1	mito
O60218	211	O60218	1	mito
O60220	154	Q9Y5J9	2	mito
O60238	212	O60238	1	mito
O60260	213	O60260	1	mito
O60313	214	O60313	1	mito
O60783	215	O60783	1	matrix,mito
O60830	124	Q99595	2	mito
O60930	216	O60930	1	matrix,mito
O75027	42	O75027	2	mito
O75127	18	O75127	3	matrix,mito
O75208	217	O75208	1	mito
O75251	218	O75251	1	mito
O75306	43	O75306	2	hsp60,mito
O75323	125	Q9BPW8	2	matrix,mito
O75380	219	O75380	1	mito
O75390	220	O75390	1	hsp60,matrix,mito
O75394	221	O75394	1	matrix,mito
O75414	29	Q13232	3	matrix,mito
O75417	222	O75417	1	matrix,mito
O75431	223	O75431	1	mito
O75438	224	O75438	1	hsp60,mito
O75439	74	P31930	2	hsp60,matrix,mito
O75489	225	O75489	1	hsp60,mito
O75521	226	O75521	1	hsp60,matrix,mito
O75570	148	Q9UGC7	2	matrix,mito
O75600	9	O75600	4	hsp60,mito
O75608	44	O75608	2	mito
O75616	227	O75616	1	hsp60,matrix,mito
O75648	228	O75648	1	hsp60,matrix,mito
O75746	150	Q9UJS0	2	mito
O75828	229	O75828	1	matrix,mito
O75879	230	O75879	1	matrix,mito
O75880	40	O43819	2	mito
O75891	2	P49189	7	matrix,mito
O75947	231	O75947	1	hsp60,mito
O75964	232	O75964	1	hsp60,mito
O76031	233	O76031	1	hsp60,matrix,mito
O94761	234	O94761	1	matrix,mito
O94826	235	O94826	1	mito
O94903	236	O94903	1	matrix,mito
O94925	149	Q9UI32	2	hsp60,mito
O95139	237	O95139	1	mito
O95140	110	Q8IWA4	2	mito
O95167	238	O95167	1	mito
O95168	239	O95168	1	mito
O95169	240	O95169	1	mito
O95178	241	O95178	1	mito
O95182	242	O95182	1	mito
O95202	98	Q2VYF4	2	hsp60,mito
O95258	5	O95847	6	mito
O95298	243	O95298	1	mito
O95299	244	O95299	1	hsp60,mito
O95363	245	O95363	1	matrix,mito
O95563	246	O95563	1	mito
O95571	247	O95571	1	matrix,mito
O95721	248	O95721	1	mito
O95822	249	O95822	1	matrix,mito
O95831	250	O95831	1	hsp60,mito
O95847	5	O95847	6	mito
O95900	251	O95900	1	hsp60,matrix,mito
O96000	252	O96000	1	hsp60,mito
O96008	115	Q969M1	2	mito
O96011	253	O96011	1	mito
P00156	254	P00156	1	mito
P00350	255	P00350	1	groel
P00363	23	P0AC41	3	groel
P00367	84	P49448	2	hsp60,matrix,mito
P00387	256	P00387	1	mito
P00390	257	P00390	1	hsp60,matrix,mito
P00393	258	P00393	1	groel
P00395	259	P00395	1	mito
P00403	260	P00403	1	hsp60,mito
P00414	261	P00414	1	mito
P00441	262	P00441	1	mito
P00480	263	P00480	1	matrix,mito
P00490	264	P00490	1	groel
P00505	265	P00505	1	hsp60,mito
P00846	266	P00846	1	hsp60,mito
P00944	267	P00944	1	groel
P02794	45	P02794	2	mito
P02925	268	P02925	1	groel
P02931	46	P02931	2	groel
P03813	269	P03813	1	groel
P03886	270	P03886	1	mito
P03891	271	P03891	1	mito
P03897	272	P03897	1	mito
P03901	273	P03901	1	mito
P03905	274	P03905	1	mito
P03915	275	P03915	1	mito
P03923	276	P03923	1	mito
P03928	277	P03928	1	mito
P04040	278	P04040	1	mito
P04179	279	P04179	1	hsp60,matrix,mito
P04181	90	P77581	2	hsp60,matrix,mito
P05020	280	P05020	1	groel
P05055	47	P05055	2	groel
P05091	2	P49189	7	hsp60,matrix,mito
P05108	24	P19099	3	mito
P05141	11	P12236	4	hsp60,mito
P05165	25	P24182	3	matrix,mito
P05166	281	P05166	1	hsp60,matrix,mito
P05496	19	P05496	3	mito
P06576	282	P06576	1	hsp60,mito
P06746	283	P06746	1	matrix,mito
P06959	284	P06959	1	groel
P06987	285	P06987	1	groel
P06996	46	P02931	2	groel
P07108	286	P07108	1	mito
P07148	287	P07148	1	mito
P07195	48	P07195	2	mito
P07237	288	P07237	1	hsp60
P07650	289	P07650	1	groel
P07919	290	P07919	1	mito
P07954	291	P07954	1	hsp60,matrix,mito
P08202	292	P08202	1	groel
P08203	293	P08203	1	groel
P08244	294	P08244	1	groel
P08559	73	P29803	2	hsp60,matrix,mito
P08574	295	P08574	1	hsp60,mito
P08622	49	P08622	2	groel
P09001	296	P09001	1	hsp60,matrix,mito
P09053	297	P09053	1	groel
P09110	8	P21151	5	mito
P09372	298	P09372	1	groel
P09417	299	P09417	1	matrix,mito
P09622	58	P0A9P0	2	hsp60,matrix,mito
P09669	300	P09669	1	mito
P0A6A3	301	P0A6A3	1	groel
P0A6B7	50	P0A6B7	2	groel
P0A6C1	302	P0A6C1	1	groel
P0A6D7	303	P0A6D7	1	groel
P0A6J5	304	P0A6J5	1	groel
P0A6L0	305	P0A6L0	1	groel
P0A6L2	306	P0A6L2	1	groel
P0A6L4	307	P0A6L4	1	groel
P0A6M8	20	P0A6M8	3	groel
P0A6P1	308	P0A6P1	1	groel
P0A6P7	309	P0A6P7	1	groel
P0A6P9	310	P0A6P9	1	groel
P0A6Q3	311	P0A6Q3	1	groel
P0A6T5	312	P0A6T5	1	groel
P0A6U3	51	P0A6U3	2	groel
P0A6W5	313	P0A6W5	1	groel
P0A6Y5	314	P0A6Y5	1	groel
P0A6Y8	52	P0A6Y8	2	groel
P0A6Z6	315	P0A6Z6	1	groel
P0A705	83	P46199	2	groel
P0A707	316	P0A707	1	groel
P0A715	317	P0A715	1	groel
P0A717	318	P0A717	1	groel
P0A722	319	P0A722	1	groel
P0A738	320	P0A738	1	groel
P0A776	321	P0A776	1	groel
P0A799	322	P0A799	1	groel
P0A7A9	323	P0A7A9	1	groel
P0A7D1	53	P0A7D1	2	groel
P0A7D4	324	P0A7D4	1	groel
P0A7X6	325	P0A7X6	1	groel
P0A7Z4	326	P0A7Z4	1	groel
P0A805	327	P0A805	1	groel
P0A817	328	P0A817	1	groel
P0A825	54	P0A825	2	groel
P0A832	329	P0A832	1	groel
P0A850	330	P0A850	1	groel
P0A853	331	P0A853	1	groel
P0A862	332	P0A862	1	groel
P0A873	333	P0A873	1	groel
P0A894	334	P0A894	1	groel
P0A8E1	335	P0A8E1	1	groel
P0A8G3	336	P0A8G3	1	groel
P0A8I5	337	P0A8I5	1	groel
P0A8J8	21	P0A8J8	3	groel
P0A8M0	55	P0A8M0	2	groel
P0A8M3	56	P0A8M3	2	groel
P0A8S1	338	P0A8S1	1	groel
P0A8T7	339	P0A8T7	1	groel
P0A8U2	340	P0A8U2	1	groel
P0A8V2	341	P0A8V2	1	groel
P0A8W8	342	P0A8W8	1	groel
P0A8Y3	343	P0A8Y3	1	groel
P0A910	344	P0A910	1	groel
P0A948	345	P0A948	1	groel
P0A953	22	P0A953	3	groel
P0A959	346	P0A959	1	groel
P0A991	347	P0A991	1	groel
P0A9B2	348	P0A9B2	1	groel
P0A9D4	349	P0A9D4	1	groel
P0A9E0	350	P0A9E0	1	groel
P0A9F3	351	P0A9F3	1	groel
P0A9H1	352	P0A9H1	1	groel
P0A9J8	353	P0A9J8	1	groel
P0A9K3	354	P0A9K3	1	groel
P0A9L5	355	P0A9L5	1	groel
P0A9M0	57	P0A9M0	2	groel
P0A9N4	356	P0A9N4	1	groel
P0A9P0	58	P0A9P0	2	groel
P0A9P6	21	P0A8J8	3	groel
P0A9Q7	357	P0A9Q7	1	groel
P0A9Q9	358	P0A9Q9	1	groel
P0A9R7	59	P0A9R7	2	groel
P0A9S3	359	P0A9S3	1	groel
P0A9T0	360	P0A9T0	1	groel
P0A9T4	361	P0A9T4	1	groel
P0A9X4	362	P0A9X4	1	groel
P0AA16	70	P23836	2	groel
P0AA39	363	P0AA39	1	groel
P0AAG8	364	P0AAG8	1	groel
P0AAH0	59	P0A9R7	2	groel
P0AAI5	22	P0A953	3	groel
P0AAR3	365	P0AAR3	1	groel
P0AAZ4	366	P0AAZ4	1	groel
P0AB71	367	P0AB71	1	groel
P0ABD5	368	P0ABD5	1	groel
P0ABF1	369	P0ABF1	1	groel
P0ABH7	370	P0ABH7	1	groel
P0ABP8	371	P0ABP8	1	groel
P0ABT2	372	P0ABT2	1	groel
P0ABT5	373	P0ABT5	1	groel
P0AC41	23	P0AC41	3	groel
P0AC59	374	P0AC59	1	groel
P0AC69	60	P0AC69	2	groel
P0ACB2	375	P0ACB2	1	groel
P0ACB4	376	P0ACB4	1	groel
P0ACI0	377	P0ACI0	1	groel
P0ACJ8	378	P0ACJ8	1	groel
P0ACK8	379	P0ACK8	1	groel
P0ACL5	380	P0ACL5	1	groel
P0ACQ4	381	P0ACQ4	1	groel
P0AD61	382	P0AD61	1	groel
P0ADG4	383	P0ADG4	1	groel
P0AE08	10	P0AE08	4	groel
P0AE88	384	P0AE88	1	groel
P0AED5	385	P0AED5	1	groel
P0AEJ2	386	P0AEJ2	1	groel
P0AEJ6	387	P0AEJ6	1	groel
P0AEK2	3	Q8N4T8	7	groel
P0AES4	63	P0AFI2	2	groel
P0AEU7	388	P0AEU7	1	groel
P0AEZ1	389	P0AEZ1	1	groel
P0AEZ9	390	P0AEZ9	1	groel
P0AF48	391	P0AF48	1	groel
P0AFD1	61	P0AFD1	2	groel
P0AFG0	392	P0AFG0	1	groel
P0AFG3	13	Q02218	4	groel
P0AFG6	62	P0AFG6	2	groel
P0AFG8	393	P0AFG8	1	groel
P0AFI2	63	P0AFI2	2	groel
P0AFK0	394	P0AFK0	1	groel
P0AFQ7	395	P0AFQ7	1	groel
P0AFR4	396	P0AFR4	1	groel
P0AFX4	397	P0AFX4	1	groel
P0AFY8	398	P0AFY8	1	groel
P0AG24	399	P0AG24	1	groel
P0AG30	400	P0AG30	1	groel
P0AGG4	64	P0AGG4	2	groel
P0AGG8	401	P0AGG8	1	groel
P0AGJ2	402	P0AGJ2	1	groel
P0AGJ5	403	P0AGJ5	1	groel
P0AGK8	404	P0AGK8	1	groel
P0C0K3	405	P0C0K3	1	groel
P0C7M7	6	Q53FZ2	6	matrix,mito
P0C7P0	406	P0C7P0	1	matrix,mito
P0C8J6	407	P0C8J6	1	groel
P0C8J8	408	P0C8J8	1	groel
P0CE49	89	P76071	2	groel
P0DJ07	409	P0DJ07	1	mito
P0DKB6	155	Q9Y5U8	2	mito
P0DPI2	410	P0DPI2	1	hsp60
P0DTT0	411	P0DTT0	1	groel
P10109	102	Q6P4F2	2	matrix,mito
P10176	412	P10176	1	mito
P10415	31	Q92843	3	mito
P10515	38	O00330	2	hsp60,matrix,mito
P10606	413	P10606	1	mito
P10620	414	P10620	1	mito
P10809	415	P10809	1	matrix,mito
P11177	65	P11177	2	hsp60,matrix,mito
P11182	416	P11182	1	matrix,mito
P11310	1	P16219	8	matrix,mito
P11498	417	P11498	1	hsp60,matrix,mito
P12074	93	Q02221	2	mito
P12235	11	P12236	4	mito
P12236	11	P12236	4	hsp60,mito
P12694	418	P12694	1	hsp60,mito
P12998	9	O75600	4	groel
P13033	419	P13033	1	groel
P13051	420	P13051	1	matrix,mito
P13073	66	P13073	2	hsp60,mito
P13196	9	O75600	4	matrix,mito
P13804	421	P13804	1	hsp60,matrix,mito
P13857	422	P13857	1	groel
P13995	134	Q9H903	2	hsp60,matrix,mito
P14324	423	P14324	1	mito
P14406	26	P24310	3	mito
P14735	41	O43847	2	matrix,mito
P14854	67	P14854	2	mito
P14927	424	P14927	1	mito
P15254	425	P15254	1	groel
P15538	24	P19099	3	mito
P15954	426	P15954	1	mito
P16219	1	P16219	8	matrix,mito
P16260	7	Q9BV35	6	mito
P17152	427	P17152	1	mito
P17315	428	P17315	1	groel
P17540	429	P17540	1	mito
P17568	430	P17568	1	mito
P17612	68	P17612	2	mito
P18859	431	P18859	1	mito
P19099	24	P19099	3	mito
P19404	61	P0AFD1	2	hsp60,mito
P20674	432	P20674	1	mito
P21151	8	P21151	5	groel
P21165	433	P21165	1	groel
P21397	72	P27338	2	mito
P21499	434	P21499	1	groel
P21515	435	P21515	1	groel
P21549	436	P21549	1	matrix,mito
P21796	35	Q9Y277	3	mito
P21912	437	P21912	1	hsp60,mito
P21953	65	P11177	2	hsp60,mito
P21964	438	P21964	1	mito
P22033	439	P22033	1	matrix,mito
P22234	440	P22234	1	matrix,mito
P22307	441	P22307	1	mito
P22333	442	P22333	1	groel
P22557	9	O75600	4	matrix,mito
P22570	443	P22570	1	hsp60,matrix,mito
P22695	444	P22695	1	hsp60,mito
P22830	445	P22830	1	hsp60,mito
P23003	446	P23003	1	groel
P23368	69	P23368	2	hsp60,matrix,mito
P23378	447	P23378	1	matrix,mito
P23434	448	P23434	1	matrix,mito
P23721	449	P23721	1	groel
P23786	450	P23786	1	hsp60,mito
P23836	70	P23836	2	groel
P23843	451	P23843	1	groel
P23869	452	P23869	1	groel
P23893	453	P23893	1	groel
P23908	454	P23908	1	groel
P23919	455	P23919	1	matrix,mito
P24182	25	P24182	3	groel
P24310	26	P24310	3	mito
P24311	71	P24311	2	mito
P24539	456	P24539	1	hsp60,mito
P24752	8	P21151	5	hsp60,matrix,mito
P25325	96	Q16762	2	mito
P25397	457	P25397	1	groel
P25705	458	P25705	1	hsp60,mito
P25874	5	O95847	6	mito
P25888	21	P0A8J8	3	groel
P26440	1	P16219	8	matrix,mito
P26602	459	P26602	1	groel
P27105	460	P27105	1	mito
P27144	27	P27144	3	hsp60,matrix,mito
P27249	461	P27249	1	groel
P27294	462	P27294	1	groel
P27305	463	P27305	1	groel
P27306	464	P27306	1	groel
P27338	72	P27338	2	mito
P27695	465	P27695	1	matrix,mito
P28288	33	Q9UBJ2	3	mito
P28330	1	P16219	8	mito
P28331	466	P28331	1	hsp60,mito
P28838	87	P68767	2	hsp60,matrix,mito
P29012	467	P29012	1	groel
P29368	123	Q99390	2	groel
P29680	468	P29680	1	groel
P29803	73	P29803	2	matrix,mito
P30038	469	P30038	1	matrix,mito
P30041	470	P30041	1	mito
P30044	471	P30044	1	matrix,mito
P30048	10	P0AE08	4	hsp60,matrix,mito
P30049	472	P30049	1	hsp60,mito
P30084	12	P30084	4	hsp60,matrix,mito
P30137	473	P30137	1	groel
P30139	474	P30139	1	groel
P30140	475	P30140	1	groel
P30177	476	P30177	1	groel
P30405	477	P30405	1	hsp60,matrix,mito
P30536	478	P30536	1	mito
P30745	479	P30745	1	groel
P30837	2	P49189	7	hsp60,matrix,mito
P31040	23	P0AC41	3	hsp60,mito
P31057	480	P31057	1	groel
P31327	481	P31327	1	matrix,mito
P31666	482	P31666	1	groel
P31930	74	P31930	2	hsp60,mito
P31937	483	P31937	1	matrix,mito
P31979	75	P31979	2	groel
P32119	10	P0AE08	4	mito
P32322	76	P32322	2	matrix,mito
P32677	484	P32677	1	groel
P32695	485	P32695	1	groel
P33121	151	Q9UKU0	2	mito
P33232	142	Q9NYQ3	2	groel
P33316	486	P33316	1	matrix,mito
P33371	487	P33371	1	groel
P33599	43	O75306	2	groel
P33667	488	P33667	1	groel
P33897	33	Q9UBJ2	3	mito
P34897	54	P0A825	2	hsp60,matrix,mito
P34913	489	P34913	1	mito
P35218	77	P35218	2	matrix,mito
P35232	78	P35232	2	hsp60,mito
P35270	490	P35270	1	mito
P35914	491	P35914	1	matrix,mito
P36404	92	P84085	2	hsp60,mito
P36542	492	P36542	1	hsp60,mito
P36548	493	P36548	1	groel
P36551	494	P36551	1	hsp60,mito
P36776	57	P0A9M0	2	hsp60,matrix,mito
P36928	495	P36928	1	groel
P36957	62	P0AFG6	2	hsp60,matrix,mito
P37326	496	P37326	1	groel
P37339	79	P37339	2	groel
P37685	2	P49189	7	groel
P37745	497	P37745	1	groel
P37765	498	P37765	1	groel
P38104	499	P38104	1	groel
P38117	500	P38117	1	hsp60,matrix,mito
P38646	52	P0A6Y8	2	matrix,mito
P39177	501	P39177	1	groel
P39210	80	P39210	2	mito
P39406	502	P39406	1	groel
P39407	503	P39407	1	groel
P39408	504	P39408	1	groel
P40305	505	P40305	1	mito
P40926	506	P40926	1	hsp60,matrix,mito
P40939	507	P40939	1	hsp60,mito
P41250	508	P41250	1	matrix,mito
P42126	509	P42126	1	hsp60,matrix,mito
P42574	81	P42574	2	mito
P42596	510	P42596	1	groel
P42704	511	P42704	1	hsp60,matrix,mito
P42765	8	P21151	5	hsp60,matrix,mito
P43155	82	P43155	2	mito
P43304	512	P43304	1	mito
P43329	513	P43329	1	groel
P43897	514	P43897	1	hsp60,matrix,mito
P45577	515	P45577	1	groel
P45578	516	P45578	1	groel
P45880	35	Q9Y277	3	mito
P45954	1	P16219	8	matrix,mito
P46199	83	P46199	2	matrix,mito
P47985	517	P47985	1	hsp60,mito
P48047	518	P48047	1	hsp60,mito
P48201	19	P05496	3	mito
P48728	519	P48728	1	matrix,mito
P48735	520	P48735	1	hsp60,matrix,mito
P49189	2	P49189	7	hsp60,matrix,mito
P49247	521	P49247	1	matrix,mito
P49327	522	P49327	1	mito
P49406	523	P49406	1	hsp60,matrix,mito
P49411	524	P49411	1	hsp60,matrix,mito
P49419	525	P49419	1	hsp60,matrix,mito
P49448	84	P49448	2	matrix,mito
P49590	526	P49590	1	hsp60,matrix,mito
P49675	527	P49675	1	mito
P49748	1	P16219	8	hsp60,mito
P49753	528	P49753	1	matrix,mito
P49773	85	P49773	2	mito
P49789	529	P49789	1	matrix,mito
P49821	75	P31979	2	hsp60,mito
P49914	530	P49914	1	matrix,mito
P49916	531	P49916	1	matrix,mito
P50213	28	P50213	3	hsp60,matrix,mito
P50336	532	P50336	1	hsp60,mito
P50416	30	Q8TCG5	3	mito
P50440	533	P50440	1	matrix,mito
P50583	534	P50583	1	matrix,mito
P51398	535	P51398	1	hsp60,matrix,mito
P51530	536	P51530	1	matrix,mito
P51553	28	P50213	3	hsp60,matrix,mito
P51648	537	P51648	1	mito
P51649	2	P49189	7	hsp60,matrix,mito
P51659	538	P51659	1	mito
P51687	539	P51687	1	mito
P51970	540	P51970	1	hsp60,mito
P52758	541	P52758	1	matrix,mito
P52815	542	P52815	1	matrix,mito
P53007	543	P53007	1	mito
P53370	544	P53370	1	matrix,mito
P53396	545	P53396	1	matrix,mito
P53597	546	P53597	1	hsp60,matrix,mito
P53701	547	P53701	1	mito
P54098	548	P54098	1	hsp60,matrix,mito
P54819	27	P27144	3	hsp60,mito
P54868	549	P54868	1	matrix,mito
P54886	550	P54886	1	hsp60,matrix,mito
P55084	8	P21151	5	hsp60,mito
P55211	551	P55211	1	mito
P55789	552	P55789	1	mito
P55809	127	Q9BYC2	2	matrix,mito
P55851	5	O95847	6	mito
P55916	5	O95847	6	mito
P55957	553	P55957	1	mito
P56134	554	P56134	1	mito
P56181	555	P56181	1	mito
P56277	556	P56277	1	mito
P56378	557	P56378	1	mito
P56381	558	P56381	1	mito
P56385	559	P56385	1	mito
P56556	560	P56556	1	hsp60,mito
P56962	561	P56962	1	mito
P57105	562	P57105	1	mito
P58557	563	P58557	1	matrix,mito
P59942	564	P59942	1	mito
P60602	565	P60602	1	mito
P60716	86	P60716	2	groel
P61517	566	P61517	1	groel
P61604	567	P61604	1	matrix,mito
P62072	568	P62072	1	mito
P62244	569	P62244	1	hsp60
P62269	570	P62269	1	hsp60
P62593	571	P62593	1	groel
P62707	572	P62707	1	groel
P63020	573	P63020	1	groel
P64530	574	P64530	1	groel
P64588	575	P64588	1	groel
P68767	87	P68767	2	groel
P69408	576	P69408	1	groel
P69776	577	P69776	1	groel
P69783	578	P69783	1	groel
P69908	579	P69908	1	groel
P75736	88	P75736	2	groel
P75821	580	P75821	1	groel
P75823	581	P75823	1	groel
P75849	582	P75849	1	groel
P75864	583	P75864	1	groel
P75949	584	P75949	1	groel
P76071	89	P76071	2	groel
P76085	585	P76085	1	groel
P76104	586	P76104	1	groel
P76116	587	P76116	1	groel
P76143	588	P76143	1	groel
P76187	589	P76187	1	groel
P76250	590	P76250	1	groel
P76344	591	P76344	1	groel
P76550	592	P76550	1	groel
P77333	593	P77333	1	groel
P77395	594	P77395	1	groel
P77444	595	P77444	1	groel
P77475	596	P77475	1	groel
P77581	90	P77581	2	groel
P77730	597	P77730	1	groel
P77735	91	P77735	2	groel
P77739	598	P77739	1	groel
P78537	599	P78537	1	mito
P78540	600	P78540	1	matrix,mito
P78549	601	P78549	1	mito
P80404	602	P80404	1	matrix,mito
P82650	603	P82650	1	hsp60,matrix,mito
P82663	604	P82663	1	hsp60,matrix,mito
P82664	605	P82664	1	matrix,mito
P82673	606	P82673	1	hsp60,matrix,mito
P82675	607	P82675	1	hsp60,matrix,mito
P82909	608	P82909	1	hsp60,matrix,mito
P82912	609	P82912	1	matrix,mito
P82914	610	P82914	1	hsp60,matrix,mito
P82921	611	P82921	1	matrix,mito
P82930	612	P82930	1	hsp60,matrix,mito
P82932	613	P82932	1	hsp60,matrix,mito
P82933	614	P82933	1	hsp60,matrix,mito
P83111	615	P83111	1	mito
P84085	92	P84085	2	mito
P86397	616	P86397	1	matrix,mito
P99999	617	P99999	1	mito
Q00059	618	Q00059	1	matrix,mito
Q00325	619	Q00325	1	mito
Q02127	620	Q02127	1	mito
Q02218	13	Q02218	4	hsp60,matrix,mito
Q02221	93	Q02221	2	mito
Q02252	621	Q02252	1	mito
Q02318	17	O15528	3	mito
Q02338	622	Q02338	1	mito
Q02978	145	Q9UBX3	2	mito
Q04837	623	Q04837	1	hsp60,matrix,mito
Q05932	624	Q05932	1	matrix,mito
Q06055	19	P05496	3	mito
Q07021	625	Q07021	1	hsp60,matrix,mito
Q07812	626	Q07812	1	mito
Q07817	31	Q92843	3	mito
Q07820	627	Q07820	1	mito
Q07973	17	O15528	3	mito
Q08257	628	Q08257	1	matrix,mito
Q08426	629	Q08426	1	mito
Q08AE8	630	Q08AE8	1	mito
Q08AH1	6	Q53FZ2	6	matrix,mito
Q08AH3	6	Q53FZ2	6	matrix,mito
Q08J23	631	Q08J23	1	matrix,mito
Q09013	68	P17612	2	mito
Q10713	632	Q10713	1	hsp60,matrix,mito
Q12849	633	Q12849	1	hsp60,matrix,mito
Q12887	634	Q12887	1	mito
Q12931	635	Q12931	1	matrix,mito
Q12983	636	Q12983	1	mito
Q13011	637	Q13011	1	hsp60,matrix,mito
Q13057	638	Q13057	1	matrix,mito
Q13084	639	Q13084	1	matrix,mito
Q13085	39	O00763	2	matrix,mito
Q13162	10	P0AE08	4	hsp60,mito
Q13232	29	Q13232	3	mito
Q13268	3	Q8N4T8	7	matrix,mito
Q13323	640	Q13323	1	mito
Q13405	641	Q13405	1	hsp60,matrix,mito
Q13423	642	Q13423	1	mito
Q13472	643	Q13472	1	matrix,mito
Q13505	99	Q5HYI7	2	mito
Q13686	644	Q13686	1	matrix,mito
Q13794	645	Q13794	1	mito
Q13825	12	P30084	4	matrix,mito
Q13907	646	Q13907	1	matrix,mito
Q14061	647	Q14061	1	mito
Q14154	648	Q14154	1	mito
Q14197	649	Q14197	1	hsp60,matrix,mito
Q14249	94	Q14249	2	mito
Q14296	650	Q14296	1	mito
Q14318	651	Q14318	1	mito
Q14596	652	Q14596	1	mito
Q14790	81	P42574	2	mito
Q14CZ7	653	Q14CZ7	1	matrix,mito
Q15031	654	Q15031	1	matrix,mito
Q15046	655	Q15046	1	matrix,mito
Q15070	656	Q15070	1	mito
Q15118	14	Q15119	4	hsp60,matrix,mito
Q15119	14	Q15119	4	hsp60,matrix,mito
Q15120	14	Q15119	4	hsp60,matrix,mito
Q15388	95	Q15388	2	mito
Q15390	657	Q15390	1	mito
Q15526	658	Q15526	1	mito
Q15785	659	Q15785	1	mito
Q16134	660	Q16134	1	mito
Q16526	661	Q16526	1	mito
Q16540	662	Q16540	1	hsp60,matrix,mito
Q16548	663	Q16548	1	mito
Q16595	664	Q16595	1	matrix,mito
Q16611	665	Q16611	1	mito
Q16635	666	Q16635	1	mito
Q16654	14	Q15119	4	mito
Q16698	667	Q16698	1	matrix,mito
Q16718	668	Q16718	1	mito
Q16740	669	Q16740	1	hsp60,matrix,mito
Q16762	96	Q16762	2	hsp60,matrix,mito
Q16774	670	Q16774	1	matrix,mito
Q16775	97	Q16775	2	hsp60,matrix,mito
Q16795	671	Q16795	1	hsp60,mito
Q16798	69	P23368	2	matrix,mito
Q16822	672	Q16822	1	hsp60,matrix,mito
Q16836	673	Q16836	1	hsp60,matrix,mito
Q16854	674	Q16854	1	matrix,mito
Q16891	675	Q16891	1	mito
Q2M3C7	676	Q2M3C7	1	mito
Q2QL34	80	P39210	2	mito
Q2VYF4	98	Q2VYF4	2	mito
Q32NB8	677	Q32NB8	1	mito
Q32P41	678	Q32P41	1	matrix,mito
Q330K2	679	Q330K2	1	mito
Q3KQZ1	105	Q6PIV7	2	mito
Q3MIX3	108	Q86TW2	2	mito
Q3SXM5	680	Q3SXM5	1	mito
Q3SY17	32	Q9H1U9	3	mito
Q3SY69	2	P49189	7	matrix,mito
Q3ZCQ8	681	Q3ZCQ8	1	mito
Q46851	91	P77735	2	groel
Q49AM1	682	Q49AM1	1	matrix,mito
Q49B96	683	Q49B96	1	mito
Q4G0I0	684	Q4G0I0	1	mito
Q4G0N4	685	Q4G0N4	1	hsp60,matrix,mito
Q4G176	686	Q4G176	1	hsp60,matrix,mito
Q4J6C6	687	Q4J6C6	1	matrix,mito
Q4U2R6	688	Q4U2R6	1	matrix,mito
Q4VC31	689	Q4VC31	1	mito
Q53FZ2	6	Q53FZ2	6	matrix,mito
Q53H12	690	Q53H12	1	mito
Q53H82	691	Q53H82	1	matrix,mito
Q53R41	692	Q53R41	1	matrix,mito
Q53S33	693	Q53S33	1	matrix,mito
Q53S58	694	Q53S58	1	mito
Q567V2	695	Q567V2	1	mito
Q56VL3	696	Q56VL3	1	mito
Q5BKU9	697	Q5BKU9	1	mito
Q5EBM0	698	Q5EBM0	1	matrix,mito
Q5H9E4	32	Q9H1U9	3	mito
Q5HYI7	99	Q5HYI7	2	mito
Q5HYK3	699	Q5HYK3	1	mito
Q5JPH6	700	Q5JPH6	1	hsp60,matrix,mito
Q5JRX3	701	Q5JRX3	1	hsp60,matrix,mito
Q5JTJ3	702	Q5JTJ3	1	mito
Q5JTZ9	703	Q5JTZ9	1	hsp60,matrix,mito
Q5RI15	704	Q5RI15	1	mito
Q5SQH8	705	Q5SQH8	1	matrix,mito
Q5ST30	706	Q5ST30	1	matrix,mito
Q5SVS4	5	O95847	6	mito
Q5SXM8	707	Q5SXM8	1	matrix,mito
Q5T160	708	Q5T160	1	matrix,mito
Q5T1C6	100	Q5T1C6	2	mito
Q5T2R2	709	Q5T2R2	1	mito
Q5T440	710	Q5T440	1	hsp60,matrix,mito
Q5T653	711	Q5T653	1	matrix,mito
Q5T9A4	139	Q9NVI7	2	hsp60,mito
Q5TC12	712	Q5TC12	1	matrix,mito
Q5TEU4	713	Q5TEU4	1	mito
Q5TGZ0	714	Q5TGZ0	1	mito
Q5U5X0	715	Q5U5X0	1	hsp60,matrix,mito
Q5VT66	116	Q969Z3	2	mito
Q5VTE6	716	Q5VTE6	1	matrix,mito
Q5VUM1	717	Q5VUM1	1	matrix,mito
Q5VWZ2	44	O75608	2	mito
Q5XKP0	718	Q5XKP0	1	mito
Q68CK6	6	Q53FZ2	6	matrix,mito
Q6DKK2	719	Q6DKK2	1	mito
Q6IAN0	720	Q6IAN0	1	mito
Q6IB77	721	Q6IB77	1	matrix,mito
Q6IN84	722	Q6IN84	1	matrix,mito
Q6IPR1	137	Q9NU23	2	matrix,mito
Q6J4K2	723	Q6J4K2	1	mito
Q6JQN1	106	Q709F0	2	matrix,mito
Q6KCM7	7	Q9BV35	6	mito
Q6L8Q7	724	Q6L8Q7	1	matrix,mito
Q6NUI2	101	Q6NUI2	2	mito
Q6NUK1	7	Q9BV35	6	mito
Q6NUN0	6	Q53FZ2	6	matrix,mito
Q6NVY1	725	Q6NVY1	1	hsp60,matrix,mito
Q6P087	726	Q6P087	1	hsp60,matrix,mito
Q6P161	727	Q6P161	1	matrix,mito
Q6P1L8	728	Q6P1L8	1	hsp60,matrix,mito
Q6P1Q0	729	Q6P1Q0	1	mito
Q6P1S2	730	Q6P1S2	1	matrix,mito
Q6P1X6	731	Q6P1X6	1	matrix,mito
Q6P444	732	Q6P444	1	mito
Q6P4A7	733	Q6P4A7	1	mito
Q6P4F2	102	Q6P4F2	2	matrix,mito
Q6P4H8	103	Q6P4H8	2	mito
Q6P587	104	Q6P587	2	hsp60,matrix,mito
Q6PI48	734	Q6PI48	1	hsp60,matrix,mito
Q6PI78	735	Q6PI78	1	mito
Q6PIV7	105	Q6PIV7	2	mito
Q6PML9	736	Q6PML9	1	mito
Q6Q0C1	4	Q8N8R3	7	mito
Q6UB28	737	Q6UB28	1	matrix,mito
Q6UB35	738	Q6UB35	1	hsp60,matrix,mito
Q6UW68	739	Q6UW68	1	mito
Q6UW78	740	Q6UW78	1	mito
Q6UWS5	741	Q6UWS5	1	mito
Q6UXN7	95	Q15388	2	mito
Q6UXV4	126	Q9BUR5	2	mito
Q6YFQ2	67	P14854	2	mito
Q6YN16	742	Q6YN16	1	matrix,mito
Q6YP21	743	Q6YP21	1	matrix,mito
Q6ZT89	4	Q8N8R3	7	mito
Q709F0	106	Q709F0	2	mito
Q70CQ3	744	Q70CQ3	1	mito
Q70HW3	745	Q70HW3	1	mito
Q7KZF4	746	Q7KZF4	1	mito
Q7KZN9	747	Q7KZN9	1	mito
Q7L0Y3	748	Q7L0Y3	1	matrix,mito
Q7L2E3	749	Q7L2E3	1	hsp60,matrix,mito
Q7L311	16	Q9P291	4	mito
Q7L3T8	750	Q7L3T8	1	matrix,mito
Q7L3V2	751	Q7L3V2	1	mito
Q7L4E1	107	Q7L4E1	2	mito
Q7L4S7	752	Q7L4S7	1	mito
Q7L592	753	Q7L592	1	hsp60,mito
Q7L8L6	754	Q7L8L6	1	hsp60,matrix,mito
Q7Z2W9	755	Q7Z2W9	1	matrix,mito
Q7Z3D6	756	Q7Z3D6	1	matrix,mito
Q7Z434	757	Q7Z434	1	mito
Q7Z4L0	758	Q7Z4L0	1	mito
Q7Z4W1	3	Q8N4T8	7	hsp60,matrix,mito
Q7Z5L4	759	Q7Z5L4	1	mito
Q7Z695	760	Q7Z695	1	mito
Q7Z6M4	761	Q7Z6M4	1	matrix,mito
Q7Z7F7	762	Q7Z7F7	1	matrix,mito
Q7Z7H8	763	Q7Z7H8	1	hsp60,matrix,mito
Q7Z7K0	764	Q7Z7K0	1	mito
Q86SX6	60	P0AC69	2	hsp60,matrix,mito
Q86TS9	765	Q86TS9	1	matrix,mito
Q86TW2	108	Q86TW2	2	mito
Q86U28	766	Q86U28	1	matrix,mito
Q86U90	767	Q86U90	1	matrix,mito
Q86UT6	768	Q86UT6	1	matrix,mito
Q86UY8	132	Q9H857	2	matrix,mito
Q86VD7	7	Q9BV35	6	mito
Q86VU5	769	Q86VU5	1	mito
Q86WA6	770	Q86WA6	1	matrix,mito
Q86WU2	771	Q86WU2	1	mito
Q86WW8	772	Q86WW8	1	mito
Q86X67	773	Q86X67	1	matrix,mito
Q86X76	136	Q9NQR4	2	matrix,mito
Q86XE3	112	Q8IYU8	2	mito
Q86XE5	774	Q86XE5	1	matrix,mito
Q86Y39	775	Q86Y39	1	mito
Q86Y79	53	P0A7D1	2	matrix,mito
Q86YB7	12	P30084	4	matrix,mito
Q86YH6	776	Q86YH6	1	mito
Q8IUA7	777	Q8IUA7	1	mito
Q8IUX1	778	Q8IUX1	1	mito
Q8IVH4	779	Q8IVH4	1	matrix,mito
Q8IVP5	109	Q8IVP5	2	mito
Q8IVS2	780	Q8IVS2	1	matrix,mito
Q8IVS8	781	Q8IVS8	1	matrix,mito
Q8IW45	782	Q8IW45	1	mito
Q8IWA4	110	Q8IWA4	2	mito
Q8IWL3	783	Q8IWL3	1	matrix,mito
Q8IWW8	784	Q8IWW8	1	matrix,mito
Q8IXI1	111	Q8IXI2	2	mito
Q8IXI2	111	Q8IXI2	2	mito
Q8IXL7	153	Q9Y3D2	2	mito
Q8IXM3	785	Q8IXM3	1	matrix,mito
Q8IXQ9	786	Q8IXQ9	1	matrix,mito
Q8IYB8	787	Q8IYB8	1	hsp60,matrix,mito
Q8IYQ7	788	Q8IYQ7	1	matrix,mito
Q8IYU8	112	Q8IYU8	2	mito
Q8N0U4	789	Q8N0U4	1	matrix,mito
Q8N0V3	790	Q8N0V3	1	matrix,mito
Q8N0X4	791	Q8N0X4	1	matrix,mito
Q8N0Z8	792	Q8N0Z8	1	matrix,mito
Q8N159	793	Q8N159	1	matrix,mito
Q8N183	794	Q8N183	1	mito
Q8N1Q8	100	Q5T1C6	2	matrix,mito
Q8N2A8	795	Q8N2A8	1	mito
Q8N2F6	16	Q9P291	4	mito
Q8N3J2	796	Q8N3J2	1	matrix,mito
Q8N3J5	797	Q8N3J5	1	matrix,mito
Q8N3R3	798	Q8N3R3	1	matrix,mito
Q8N3Z0	799	Q8N3Z0	1	mito
Q8N413	4	Q8N8R3	7	mito
Q8N442	800	Q8N442	1	hsp60,matrix,mito
Q8N465	801	Q8N465	1	matrix,mito
Q8N490	97	Q16775	2	mito
Q8N4E7	45	P02794	2	matrix,mito
Q8N4H5	802	Q8N4H5	1	mito
Q8N4Q0	803	Q8N4Q0	1	hsp60,mito
Q8N4Q1	804	Q8N4Q1	1	mito
Q8N4T8	3	Q8N4T8	7	hsp60,matrix,mito
Q8N573	805	Q8N573	1	mito
Q8N5G0	806	Q8N5G0	1	mito
Q8N5M1	807	Q8N5M1	1	matrix,mito
Q8N5N7	808	Q8N5N7	1	matrix,mito
Q8N5S1	7	Q9BV35	6	mito
Q8N5Z0	809	Q8N5Z0	1	matrix,mito
Q8N8Q8	810	Q8N8Q8	1	mito
Q8N8R3	4	Q8N8R3	7	mito
Q8N8R5	811	Q8N8R5	1	matrix,mito
Q8N945	812	Q8N945	1	mito
Q8N983	813	Q8N983	1	matrix,mito
Q8N9F0	814	Q8N9F0	1	mito
Q8NAN2	107	Q7L4E1	2	mito
Q8NBN7	113	Q8NBN7	2	mito
Q8NBU5	815	Q8NBU5	1	mito
Q8NC60	816	Q8NC60	1	mito
Q8NCN5	34	Q9UL12	3	matrix,mito
Q8NCW5	817	Q8NCW5	1	matrix,mito
Q8NE22	818	Q8NE22	1	matrix,mito
Q8NE62	819	Q8NE62	1	mito
Q8NE86	140	Q9NWR8	2	mito
Q8NFF5	820	Q8NFF5	1	hsp60,matrix,mito
Q8NFU3	821	Q8NFU3	1	mito
Q8NFV4	88	P75736	2	hsp60,matrix,mito
Q8NI37	822	Q8NI37	1	matrix,mito
Q8NI60	119	Q96D53	2	hsp60,mito
Q8TAA5	135	Q9HAV7	2	matrix,mito
Q8TAE8	823	Q8TAE8	1	hsp60,matrix,mito
Q8TB22	824	Q8TB22	1	matrix,mito
Q8TB36	825	Q8TB36	1	mito
Q8TB37	826	Q8TB37	1	matrix,mito
Q8TBP6	114	Q8TBP6	2	mito
Q8TCC3	827	Q8TCC3	1	matrix,mito
Q8TCG5	30	Q8TCG5	3	mito
Q8TCS8	47	P05055	2	hsp60,matrix,mito
Q8TD22	15	Q9BWM7	4	mito
Q8TD30	828	Q8TD30	1	hsp60,matrix,mito
Q8TDB4	829	Q8TDB4	1	mito
Q8TF08	71	P24311	2	mito
Q8WUD6	830	Q8WUD6	1	mito
Q8WUK0	831	Q8WUK0	1	hsp60,mito
Q8WUT9	832	Q8WUT9	1	mito
Q8WV60	833	Q8WV60	1	matrix,mito
Q8WV74	834	Q8WV74	1	matrix,mito
Q8WV93	835	Q8WV93	1	mito
Q8WVC6	836	Q8WVC6	1	mito
Q8WVM0	837	Q8WVM0	1	matrix,mito
Q8WW59	838	Q8WW59	1	hsp60,matrix,mito
Q8WWC4	839	Q8WWC4	1	matrix,mito
Q8WWR8	840	Q8WWR8	1	mito
Q8WWV3	841	Q8WWV3	1	matrix,mito
Q8WXI4	842	Q8WXI4	1	matrix,mito
Q8WYQ3	843	Q8WYQ3	1	mito
Q92506	3	Q8N4T8	7	hsp60,matrix,mito
Q92523	30	Q8TCG5	3	mito
Q92552	844	Q92552	1	hsp60,matrix,mito
Q92665	845	Q92665	1	hsp60,matrix,mito
Q92667	846	Q92667	1	mito
Q92843	31	Q92843	3	mito
Q92934	847	Q92934	1	mito
Q92947	848	Q92947	1	matrix,mito
Q969G6	849	Q969G6	1	matrix,mito
Q969M1	115	Q969M1	2	mito
Q969P6	850	Q969P6	1	matrix,mito
Q969Q5	851	Q969Q5	1	mito
Q969S9	20	P0A6M8	3	hsp60,matrix,mito
Q969V5	852	Q969V5	1	mito
Q969Y2	853	Q969Y2	1	matrix,mito
Q969Z0	854	Q969Z0	1	hsp60,matrix,mito
Q969Z3	116	Q969Z3	2	mito
Q96A26	855	Q96A26	1	mito
Q96A35	856	Q96A35	1	matrix,mito
Q96A46	143	Q9NYZ2	2	mito
Q96AB3	857	Q96AB3	1	matrix,mito
Q96AG3	858	Q96AG3	1	mito
Q96AN5	859	Q96AN5	1	mito
Q96AQ8	128	Q9GZT6	2	mito
Q96AY3	860	Q96AY3	1	mito
Q96B49	861	Q96B49	1	mito
Q96B77	862	Q96B77	1	mito
Q96BP2	863	Q96BP2	1	hsp60,mito
Q96BQ5	864	Q96BQ5	1	mito
Q96BR5	865	Q96BR5	1	mito
Q96BW9	866	Q96BW9	1	hsp60,mito
Q96C01	867	Q96C01	1	mito
Q96C03	117	Q96C03	2	mito
Q96C36	76	P32322	2	hsp60,matrix,mito
Q96CB9	130	Q9H649	2	hsp60,matrix,mito
Q96CM3	868	Q96CM3	1	matrix,mito
Q96CM8	869	Q96CM8	1	matrix,mito
Q96CQ1	118	Q96CQ1	2	mito
Q96CU9	870	Q96CU9	1	hsp60,mito
Q96D53	119	Q96D53	2	hsp60,mito
Q96DA6	120	Q96DA6	2	mito
Q96DB5	871	Q96DB5	1	mito
Q96DC8	12	P30084	4	matrix,mito
Q96DP5	872	Q96DP5	1	matrix,mito
Q96DU9	873	Q96DU9	1	matrix,mito
Q96DV4	874	Q96DV4	1	hsp60,matrix,mito
Q96DW6	875	Q96DW6	1	mito
Q96E11	876	Q96E11	1	matrix,mito
Q96E29	877	Q96E29	1	matrix,mito
Q96E52	878	Q96E52	1	mito
Q96EH3	879	Q96EH3	1	matrix,mito
Q96EL2	880	Q96EL2	1	matrix,mito
Q96EL3	881	Q96EL3	1	hsp60,matrix,mito
Q96ER9	882	Q96ER9	1	mito
Q96EY1	49	P08622	2	matrix,mito
Q96EY7	883	Q96EY7	1	hsp60,matrix,mito
Q96EY8	884	Q96EY8	1	hsp60,matrix,mito
Q96GA7	885	Q96GA7	1	mito
Q96GC5	886	Q96GC5	1	hsp60,matrix,mito
Q96GE9	887	Q96GE9	1	mito
Q96GJ1	888	Q96GJ1	1	matrix,mito
Q96GK7	104	Q6P587	2	matrix,mito
Q96GW9	889	Q96GW9	1	hsp60,matrix,mito
Q96H55	890	Q96H55	1	mito
Q96H78	891	Q96H78	1	mito
Q96H96	892	Q96H96	1	mito
Q96HP4	893	Q96HP4	1	matrix,mito
Q96HS1	894	Q96HS1	1	hsp60,mito
Q96HY7	13	Q02218	4	matrix,mito
Q96I23	895	Q96I23	1	mito
Q96I36	896	Q96I36	1	mito
Q96I51	897	Q96I51	1	matrix,mito
Q96I59	55	P0A8M0	2	hsp60,matrix,mito
Q96I99	121	Q96I99	2	hsp60,matrix,mito
Q96IL0	898	Q96IL0	1	mito
Q96IR7	899	Q96IR7	1	mito
Q96IX5	900	Q96IX5	1	mito
Q96JX3	901	Q96JX3	1	mito
Q96KF7	902	Q96KF7	1	mito
Q96KJ9	66	P13073	2	mito
Q96KR6	903	Q96KR6	1	mito
Q96LJ7	904	Q96LJ7	1	mito
Q96LL9	905	Q96LL9	1	mito
Q96LU5	906	Q96LU5	1	mito
Q96LW4	907	Q96LW4	1	matrix,mito
Q96MF6	133	Q9H8M1	2	mito
Q96N28	122	Q96N28	2	mito
Q96NB2	15	Q9BWM7	4	mito
Q96ND0	908	Q96ND0	1	mito
Q96NN9	909	Q96NN9	1	mito
Q96PE7	910	Q96PE7	1	matrix,mito
Q96PG8	911	Q96PG8	1	mito
Q96PN6	912	Q96PN6	1	mito
Q96Q11	913	Q96Q11	1	matrix,mito
Q96QE5	914	Q96QE5	1	matrix,mito
Q96QU6	915	Q96QU6	1	mito
Q96RP9	20	P0A6M8	3	hsp60,matrix,mito
Q96RQ3	25	P24182	3	matrix,mito
Q96RR1	916	Q96RR1	1	hsp60,matrix,mito
Q96ST8	917	Q96ST8	1	mito
Q96SZ6	918	Q96SZ6	1	matrix,mito
Q96T52	919	Q96T52	1	mito
Q96T66	920	Q96T66	1	matrix,mito
Q96TA2	921	Q96TA2	1	mito
Q96TC7	922	Q96TC7	1	mito
Q99390	123	Q99390	2	groel
Q99497	923	Q99497	1	mito
Q99551	924	Q99551	1	matrix,mito
Q99595	124	Q99595	2	mito
Q99623	78	P35232	2	hsp60,mito
Q99643	925	Q99643	1	mito
Q99714	3	Q8N4T8	7	hsp60,matrix,mito
Q99757	64	P0AGG4	2	matrix,mito
Q99766	926	Q99766	1	mito
Q99797	927	Q99797	1	hsp60,matrix,mito
Q99798	928	Q99798	1	hsp60,matrix,mito
Q99807	929	Q99807	1	mito
Q9BPW8	125	Q9BPW8	2	hsp60,matrix,mito
Q9BPX6	930	Q9BPX6	1	mito
Q9BQ48	931	Q9BQ48	1	matrix,mito
Q9BQ52	932	Q9BQ52	1	matrix,mito
Q9BQ69	933	Q9BQ69	1	matrix,mito
Q9BQ95	934	Q9BQ95	1	mito
Q9BQC6	935	Q9BQC6	1	matrix,mito
Q9BQD7	103	Q6P4H8	2	mito
Q9BQP7	936	Q9BQP7	1	hsp60,matrix,mito
Q9BQT8	937	Q9BQT8	1	mito
Q9BRQ6	141	Q9NX63	2	mito
Q9BRQ8	938	Q9BRQ8	1	mito
Q9BRT2	939	Q9BRT2	1	mito
Q9BRX8	940	Q9BRX8	1	mito
Q9BS92	147	Q9UFN0	2	matrix,mito
Q9BSE5	941	Q9BSE5	1	matrix,mito
Q9BSF4	942	Q9BSF4	1	mito
Q9BSH4	943	Q9BSH4	1	hsp60,matrix,mito
Q9BSH5	944	Q9BSH5	1	matrix,mito
Q9BSK2	118	Q96CQ1	2	mito
Q9BSY4	945	Q9BSY4	1	mito
Q9BT17	946	Q9BT17	1	hsp60,matrix,mito
Q9BT30	947	Q9BT30	1	matrix,mito
Q9BTZ2	3	Q8N4T8	7	matrix,mito
Q9BU61	948	Q9BU61	1	hsp60,mito
Q9BUB7	949	Q9BUB7	1	mito
Q9BUE6	950	Q9BUE6	1	matrix,mito
Q9BUK0	951	Q9BUK0	1	mito
Q9BUP0	952	Q9BUP0	1	mito
Q9BUP3	953	Q9BUP3	1	mito
Q9BUR5	126	Q9BUR5	2	mito
Q9BUT9	954	Q9BUT9	1	mito
Q9BUV8	955	Q9BUV8	1	mito
Q9BV35	7	Q9BV35	6	mito
Q9BV79	956	Q9BV79	1	matrix,mito
Q9BVS5	957	Q9BVS5	1	matrix,mito
Q9BVV7	958	Q9BVV7	1	mito
Q9BW72	959	Q9BW72	1	mito
Q9BW91	960	Q9BW91	1	matrix,mito
Q9BW92	56	P0A8M3	2	hsp60,matrix,mito
Q9BWH2	109	Q8IVP5	2	mito
Q9BWM7	15	Q9BWM7	4	mito
Q9BX68	85	P49773	2	hsp60,matrix,mito
Q9BXK5	961	Q9BXK5	1	mito
Q9BXM7	962	Q9BXM7	1	mito
Q9BXR0	963	Q9BXR0	1	matrix,mito
Q9BXW6	964	Q9BXW6	1	mito
Q9BXW7	965	Q9BXW7	1	hsp60,matrix,mito
Q9BYC2	127	Q9BYC2	2	matrix,mito
Q9BYC8	966	Q9BYC8	1	matrix,mito
Q9BYC9	967	Q9BYC9	1	matrix,mito
Q9BYD1	968	Q9BYD1	1	hsp60,matrix,mito
Q9BYD2	969	Q9BYD2	1	hsp60,matrix,mito
Q9BYD3	970	Q9BYD3	1	hsp60,matrix,mito
Q9BYD6	971	Q9BYD6	1	matrix,mito
Q9BYN8	972	Q9BYN8	1	hsp60,matrix,mito
Q9BYT8	973	Q9BYT8	1	matrix,mito
Q9BYV1	974	Q9BYV1	1	matrix,mito
Q9BYV7	975	Q9BYV7	1	mito
Q9BYZ2	48	P07195	2	matrix,mito
Q9BZ23	976	Q9BZ23	1	mito
Q9BZE1	977	Q9BZE1	1	hsp60,matrix,mito
Q9BZJ4	114	Q8TBP6	2	mito
Q9C002	978	Q9C002	1	mito
Q9GZT3	979	Q9GZT3	1	hsp60,matrix,mito
Q9GZT6	128	Q9GZT6	2	hsp60,mito
Q9GZT8	980	Q9GZT8	1	matrix,mito
Q9GZY4	981	Q9GZY4	1	mito
Q9GZY8	982	Q9GZY8	1	mito
Q9H019	983	Q9H019	1	mito
Q9H061	984	Q9H061	1	mito
Q9H078	985	Q9H078	1	mito
Q9H0C2	11	P12236	4	mito
Q9H0N5	986	Q9H0N5	1	mito
Q9H0R6	987	Q9H0R6	1	hsp60,matrix,mito
Q9H0U6	988	Q9H0U6	1	matrix,mito
Q9H1K1	989	Q9H1K1	1	matrix,mito
Q9H1K4	129	Q9H1K4	2	mito
Q9H1U9	32	Q9H1U9	3	mito
Q9H2D1	4	Q8N8R3	7	mito
Q9H2K0	990	Q9H2K0	1	matrix,mito
Q9H2U2	991	Q9H2U2	1	hsp60,matrix,mito
Q9H2W6	992	Q9H2W6	1	matrix,mito
Q9H300	993	Q9H300	1	mito
Q9H3H1	994	Q9H3H1	1	matrix,mito
Q9H3J6	995	Q9H3J6	1	matrix,mito
Q9H3K2	996	Q9H3K2	1	mito
Q9H3L0	997	Q9H3L0	1	matrix,mito
Q9H4A6	998	Q9H4A6	1	mito
Q9H4B0	999	Q9H4B0	1	matrix,mito
Q9H4I8	1000	Q9H4I8	1	mito
Q9H4I9	1001	Q9H4I9	1	mito
Q9H4K7	37	A4D1E9	2	matrix,mito
Q9H5Q4	1002	Q9H5Q4	1	matrix,mito
Q9H611	1003	Q9H611	1	matrix,mito
Q9H649	130	Q9H649	2	matrix,mito
Q9H6K4	1004	Q9H6K4	1	mito
Q9H6R3	131	Q9H6R3	2	matrix,mito
Q9H7H0	1005	Q9H7H0	1	hsp60,matrix,mito
Q9H7Z7	1006	Q9H7Z7	1	mito
Q9H825	1007	Q9H825	1	matrix,mito
Q9H845	1	P16219	8	hsp60,mito
Q9H857	132	Q9H857	2	hsp60,matrix,mito
Q9H8M1	133	Q9H8M1	2	mito
Q9H903	134	Q9H903	2	matrix,mito
Q9H936	129	Q9H1K4	2	mito
Q9H9B4	15	Q9BWM7	4	mito
Q9H9J2	1008	Q9H9J2	1	hsp60,matrix,mito
Q9H9P8	79	P37339	2	mito
Q9HA77	1009	Q9HA77	1	hsp60,matrix,mito
Q9HA92	1010	Q9HA92	1	hsp60,mito
Q9HAC7	1011	Q9HAC7	1	matrix,mito
Q9HAV7	135	Q9HAV7	2	matrix,mito
Q9HBH1	1012	Q9HBH1	1	matrix,mito
Q9HBH5	113	Q8NBN7	2	mito
Q9HBL7	1013	Q9HBL7	1	mito
Q9HC21	1014	Q9HC21	1	mito
Q9HC36	1015	Q9HC36	1	hsp60,matrix,mito
Q9HC38	1016	Q9HC38	1	matrix,mito
Q9HCC0	1017	Q9HCC0	1	hsp60,matrix,mito
Q9HCL2	101	Q6NUI2	2	mito
Q9HD23	1018	Q9HD23	1	mito
Q9HD33	1019	Q9HD33	1	hsp60,matrix,mito
Q9HD34	1020	Q9HD34	1	matrix,mito
Q9HD36	1021	Q9HD36	1	mito
Q9NNZ3	1022	Q9NNZ3	1	mito
Q9NP58	42	O75027	2	mito
Q9NP80	1023	Q9NP80	1	mito
Q9NP81	1024	Q9NP81	1	hsp60,matrix,mito
Q9NP92	1025	Q9NP92	1	hsp60,matrix,mito
Q9NPB1	1026	Q9NPB1	1	matrix,mito
Q9NPE2	1027	Q9NPE2	1	matrix,mito
Q9NPH0	1028	Q9NPH0	1	mito
Q9NPJ3	1029	Q9NPJ3	1	hsp60,matrix,mito
Q9NPL8	1030	Q9NPL8	1	mito
Q9NQ50	1031	Q9NQ50	1	matrix,mito
Q9NQE9	1032	Q9NQE9	1	mito
Q9NQG6	117	Q96C03	2	matrix,mito
Q9NQH7	1033	Q9NQH7	1	hsp60,matrix,mito
Q9NQR4	136	Q9NQR4	2	mito
Q9NQZ5	1034	Q9NQZ5	1	mito
Q9NR28	1035	Q9NR28	1	mito
Q9NR77	1036	Q9NR77	1	mito
Q9NRA0	1037	Q9NRA0	1	mito
Q9NRD5	1038	Q9NRD5	1	mito
Q9NRG7	1039	Q9NRG7	1	mito
Q9NRK6	138	Q9NUT2	2	mito
Q9NRN9	1040	Q9NRN9	1	matrix,mito
Q9NRP2	1041	Q9NRP2	1	mito
Q9NRP4	1042	Q9NRP4	1	matrix,mito
Q9NRV9	1043	Q9NRV9	1	mito
Q9NRX2	1044	Q9NRX2	1	matrix,mito
Q9NRY6	1045	Q9NRY6	1	mito
Q9NRZ5	1046	Q9NRZ5	1	mito
Q9NS18	1047	Q9NS18	1	matrix,mito
Q9NS69	1048	Q9NS69	1	mito
Q9NSE4	1049	Q9NSE4	1	hsp60,matrix,mito
Q9NTG7	1050	Q9NTG7	1	matrix,mito
Q9NTX5	1051	Q9NTX5	1	hsp60,mito
Q9NU23	137	Q9NU23	2	matrix,mito
Q9NUB1	131	Q9H6R3	2	mito
Q9NUJ1	1052	Q9NUJ1	1	hsp60,matrix,mito
Q9NUL7	1053	Q9NUL7	1	matrix,mito
Q9NUQ2	1054	Q9NUQ2	1	mito
Q9NUT2	138	Q9NUT2	2	mito
Q9NVA1	1055	Q9NVA1	1	mito
Q9NVH0	1056	Q9NVH0	1	matrix,mito
Q9NVH1	1057	Q9NVH1	1	mito
Q9NVH6	1058	Q9NVH6	1	matrix,mito
Q9NVI7	139	Q9NVI7	2	hsp60,mito
Q9NVS2	1059	Q9NVS2	1	matrix,mito
Q9NVS9	1060	Q9NVS9	1	matrix,mito
Q9NVV4	1061	Q9NVV4	1	hsp60,matrix,mito
Q9NW81	1062	Q9NW81	1	mito
Q9NWR8	140	Q9NWR8	2	mito
Q9NWS8	1063	Q9NWS8	1	mito
Q9NWT8	1064	Q9NWT8	1	matrix,mito
Q9NWU1	22	P0A953	3	matrix,mito
Q9NWU5	1065	Q9NWU5	1	hsp60,matrix,mito
Q9NWX6	1066	Q9NWX6	1	matrix,mito
Q9NX14	1067	Q9NX14	1	mito
Q9NX18	1068	Q9NX18	1	matrix,mito
Q9NX20	1069	Q9NX20	1	hsp60,matrix,mito
Q9NX36	1070	Q9NX36	1	mito
Q9NX40	1071	Q9NX40	1	mito
Q9NX47	1072	Q9NX47	1	mito
Q9NX63	141	Q9NX63	2	mito
Q9NX74	1073	Q9NX74	1	matrix,mito
Q9NXA8	1074	Q9NXA8	1	matrix,mito
Q9NXH9	1075	Q9NXH9	1	matrix,mito
Q9NYJ1	1076	Q9NYJ1	1	mito
Q9NYK5	1077	Q9NYK5	1	hsp60,matrix,mito
Q9NYQ3	142	Q9NYQ3	2	mito
Q9NYY8	1078	Q9NYY8	1	matrix,mito
Q9NYZ2	143	Q9NYZ2	2	mito
Q9NZ45	1079	Q9NZ45	1	mito
Q9NZB8	1080	Q9NZB8	1	matrix,mito
Q9NZE8	1081	Q9NZE8	1	matrix,mito
Q9NZJ6	1082	Q9NZJ6	1	mito
Q9NZJ7	156	Q9Y6C9	2	mito
Q9P015	1083	Q9P015	1	hsp60,matrix,mito
Q9P032	1084	Q9P032	1	mito
Q9P0J0	1085	Q9P0J0	1	hsp60,mito
Q9P0J1	144	Q9P2J9	2	mito
Q9P0J6	1086	Q9P0J6	1	matrix,mito
Q9P0M9	1087	Q9P0M9	1	matrix,mito
Q9P0P8	1088	Q9P0P8	1	matrix,mito
Q9P0S2	1089	Q9P0S2	1	mito
Q9P0S9	1090	Q9P0S9	1	mito
Q9P0U1	1091	Q9P0U1	1	mito
Q9P291	16	Q9P291	4	mito
Q9P2J9	144	Q9P2J9	2	matrix,mito
Q9P2R7	121	Q96I99	2	hsp60,matrix,mito
Q9UBJ2	33	Q9UBJ2	3	mito
Q9UBQ7	1092	Q9UBQ7	1	matrix,mito
Q9UBX3	145	Q9UBX3	2	mito
Q9UDR5	1093	Q9UDR5	1	matrix,mito
Q9UDW1	1094	Q9UDW1	1	mito
Q9UDX5	1095	Q9UDX5	1	mito
Q9UF12	146	Q9UF12	2	mito
Q9UFN0	147	Q9UFN0	2	hsp60,matrix,mito
Q9UG56	1096	Q9UG56	1	mito
Q9UGC7	148	Q9UGC7	2	matrix,mito
Q9UGM6	1097	Q9UGM6	1	matrix,mito
Q9UH62	16	Q9P291	4	mito
Q9UHK6	1098	Q9UHK6	1	matrix,mito
Q9UHN1	1099	Q9UHN1	1	matrix,mito
Q9UI09	1100	Q9UI09	1	mito
Q9UI17	34	Q9UL12	3	matrix,mito
Q9UI32	149	Q9UI32	2	matrix,mito
Q9UI43	1101	Q9UI43	1	matrix,mito
Q9UIF7	1102	Q9UIF7	1	matrix,mito
Q9UII2	1103	Q9UII2	1	matrix,mito
Q9UIJ7	27	P27144	3	hsp60,matrix,mito
Q9UJ68	1104	Q9UJ68	1	matrix,mito
Q9UJA2	1105	Q9UJA2	1	mito
Q9UJS0	150	Q9UJS0	2	hsp60,mito
Q9UJZ1	1106	Q9UJZ1	1	hsp60,mito
Q9UK39	1107	Q9UK39	1	matrix,mito
Q9UKA2	1108	Q9UKA2	1	mito
Q9UKG9	82	P43155	2	mito
Q9UKK9	1109	Q9UKK9	1	mito
Q9UKU0	151	Q9UKU0	2	mito
Q9UKU7	1	P16219	8	matrix,mito
Q9UL12	34	Q9UL12	3	matrix,mito
Q9ULD0	13	Q02218	4	matrix,mito
Q9UMS0	1110	Q9UMS0	1	hsp60,matrix,mito
Q9UMX3	1111	Q9UMX3	1	mito
Q9UQ90	152	Q9UQ90	2	mito
Q9Y234	1112	Q9Y234	1	matrix,mito
Q9Y241	1113	Q9Y241	1	mito
Q9Y255	1114	Q9Y255	1	mito
Q9Y276	1115	Q9Y276	1	hsp60,mito
Q9Y277	35	Q9Y277	3	mito
Q9Y291	1116	Q9Y291	1	hsp60,matrix,mito
Q9Y2C4	94	Q14249	2	mito
Q9Y2D0	77	P35218	2	matrix,mito
Q9Y2Q3	1117	Q9Y2Q3	1	hsp60,matrix,mito
Q9Y2Q9	1118	Q9Y2Q9	1	matrix,mito
Q9Y2R0	1119	Q9Y2R0	1	mito
Q9Y2R5	1120	Q9Y2R5	1	hsp60,matrix,mito
Q9Y2R9	1121	Q9Y2R9	1	matrix,mito
Q9Y2S7	1122	Q9Y2S7	1	hsp60,matrix,mito
Q9Y2W6	1123	Q9Y2W6	1	mito
Q9Y2Z2	51	P0A6U3	2	hsp60,matrix,mito
Q9Y2Z4	1124	Q9Y2Z4	1	hsp60,matrix,mito
Q9Y2Z9	1125	Q9Y2Z9	1	mito
Q9Y305	1126	Q9Y305	1	mito
Q9Y375	1127	Q9Y375	1	mito
Q9Y399	1128	Q9Y399	1	hsp60,matrix,mito
Q9Y3A0	1129	Q9Y3A0	1	mito
Q9Y3B1	122	Q96N28	2	mito
Q9Y3B7	1130	Q9Y3B7	1	matrix,mito
Q9Y3B8	1131	Q9Y3B8	1	matrix,mito
Q9Y3D2	153	Q9Y3D2	2	matrix,mito
Q9Y3D3	1132	Q9Y3D3	1	hsp60,matrix,mito
Q9Y3D5	1133	Q9Y3D5	1	matrix,mito
Q9Y3D6	1134	Q9Y3D6	1	mito
Q9Y3D7	1135	Q9Y3D7	1	mito
Q9Y3D9	1136	Q9Y3D9	1	hsp60,matrix,mito
Q9Y3E2	1137	Q9Y3E2	1	matrix,mito
Q9Y3E5	1138	Q9Y3E5	1	mito
Q9Y4W6	152	Q9UQ90	2	hsp60,mito
Q9Y512	1139	Q9Y512	1	hsp60,mito
Q9Y584	1140	Q9Y584	1	mito
Q9Y5J6	1141	Q9Y5J6	1	mito
Q9Y5J7	1142	Q9Y5J7	1	mito
Q9Y5J9	154	Q9Y5J9	2	hsp60,mito
Q9Y5L4	1143	Q9Y5L4	1	hsp60,mito
Q9Y5R4	1144	Q9Y5R4	1	matrix,mito
Q9Y5T4	120	Q96DA6	2	mito
Q9Y5U8	155	Q9Y5U8	2	mito
Q9Y606	1145	Q9Y606	1	matrix,mito
Q9Y619	4	Q8N8R3	7	mito
Q9Y676	1146	Q9Y676	1	matrix,mito
Q9Y697	50	P0A6B7	2	hsp60,matrix,mito
Q9Y6C9	156	Q9Y6C9	2	mito
Q9Y6E7	1147	Q9Y6E7	1	matrix,mito
Q9Y6G3	1148	Q9Y6G3	1	matrix,mito
Q9Y6H1	1149	Q9Y6H1	1	mito
Q9Y6H3	1150	Q9Y6H3	1	mito
Q9Y6I8	1151	Q9Y6I8	1	mito
Q9Y6J8	1152	Q9Y6J8	1	matrix,mito
Q9Y6M9	1153	Q9Y6M9	1	mito
Q9Y6N1	1154	Q9Y6N1	1	mito
Q9Y6N5	1155	Q9Y6N5	1	mito
