uniprot_accession	n_domains	domain_source	has_domain_assignment	domain_architecture
A0A087WU62	2	CATH/Gene3D	True	3.10.450.240|3.10.450.240
A0A0B4J2F0	1	Chainsaw_v3	True	
A1L188	1	Chainsaw_v3	True	3-72
A3KMH1	4	CATH/Gene3D	True	3.40.50.300|3.40.50.300|3.40.50.300|3.40.50.410
A4D1E9	2	CATH/Gene3D	True	2.70.210.12|3.40.50.300
A6NC05	1	CATH/Gene3D	True	3.40.30.10
A6NFY7	1	Chainsaw_v3	True	6-66
A6NJ78	2	CATH/Gene3D	True	3.40.50.150|1.10.150.170
A6NK06	2	CATH/Gene3D	True	1.10.4100.10|3.30.1330.120
A6NK58	1	CATH/Gene3D	True	3.30.930.10
A6NNL5	1	Chainsaw_v3	True	1-147
A8MSI8	1	Chainsaw_v3	True	7-76
A8MUP2	1	CATH/Gene3D	True	3.40.50.150
A8MXV4	1	CATH/Gene3D	True	3.90.79.10
B4DEF8	1	CATH/Gene3D	True	3.10.450.240
B4DJ38	3	CATH/Gene3D	True	1.25.40.10|1.25.40.10|1.25.40.10
G3V325	3	CATH/Gene3D	True	1.25.40.10|1.25.40.10|1.25.40.10
H0UI37	1	CATH/Gene3D	True	3.40.250.10
O00142	1	CATH/Gene3D	True	3.40.50.300
O00154	2	CATH/Gene3D	True	3.10.129.10|3.10.129.10
O00217	1	CATH/Gene3D	True	3.30.70.3270
O00330	3	CATH/Gene3D	True	2.40.50.100|4.10.320.10|3.30.559.10
O00408	3	CATH/Gene3D	True	3.30.450.40|3.30.450.40|1.10.1300.10
O00411	4	CATH/Gene3D	True	1.25.40.10|1.10.1320.10|1.10.287.280|1.10.150.20
O00429	3	CATH/Gene3D	True	3.40.50.300|1.20.120.1240|1.20.120.1240
O00483	1	Chainsaw_v3	True	1-73
O00746	1	CATH/Gene3D	True	3.30.70.141
O00763	8	CATH/Gene3D	True	3.40.50.20|3.90.1770.10|3.30.1490.20|3.30.470.20|2.40.50.100|3.90.226.10|2.40.460.10|3.90.226.10
O14521	1	CATH/Gene3D	True	1.20.1300.10
O14548	1	CATH/Gene3D	True	4.10.91.10
O14561	1	CATH/Gene3D	True	1.10.1200.10
O14832	1	CATH/Gene3D	True	2.60.120.620
O14874	2	CATH/Gene3D	True	1.20.140.20|3.30.565.10
O14880	1	CATH/Gene3D	True	1.20.120.550
O14925	1	Chainsaw_v3	True	50-207
O14949	1	CATH/Gene3D	True	1.20.5.210
O14957	1	CATH/Gene3D	True	1.20.5.220
O15091	2	CATH/Gene3D	True	1.25.40.10|3.40.50.11980
O15229	1	CATH/Gene3D	True	3.50.50.60
O15235	1	CATH/Gene3D	True	2.40.50.140
O15239	1	Chainsaw_v3	True	5-68
O15270	2	CATH/Gene3D	True	3.90.1150.10|3.40.640.10
O15382	2	CATH/Gene3D	True	3.30.470.10|3.20.10.10
O15527	3	CATH/Gene3D	True	3.30.310.40|1.10.1670.10|1.10.340.30
O15528	1	CATH/Gene3D	True	1.10.630.10
O43169	1	CATH/Gene3D	True	3.10.120.10
O43181	1	CATH/Gene3D	True	3.30.160.190
O43236	1	CATH/Gene3D	True	3.40.50.300
O43272	2	CATH/Gene3D	True	3.20.20.220|3.20.20.220
O43325	1	Chainsaw_v3	True	3-77
O43464	2	CATH/Gene3D	True	2.40.10.120|2.30.42.10
O43488	1	CATH/Gene3D	True	3.20.20.100
O43521	1	Chainsaw_v3	True	119-197
O43572	3	CATH/Gene3D	True	1.10.167.10|1.10.167.10|1.10.167.10
O43615	1	CATH/Gene3D	True	3.10.450.240
O43674	1	Chainsaw_v3	True	61-178
O43676	1	Chainsaw_v3	True	19-96
O43677	1	Chainsaw_v3	True	7-73
O43678	1	CATH/Gene3D	True	3.40.30.10
O43708	2	CATH/Gene3D	True	3.40.30.10|1.20.1050.10
O43715	1	Chainsaw_v3	True	6-55
O43716	1	Chainsaw_v3	True	34-68
O43766	1	CATH/Gene3D	True	3.20.20.70
O43772	2	CATH/Gene3D	True	1.50.40.10|1.50.40.10
O43819	1	CATH/Gene3D	True	3.40.30.10
O43824	2	CATH/Gene3D	True	3.40.50.11060|3.40.50.300
O43837	1	CATH/Gene3D	True	3.40.718.10
O43847	4	CATH/Gene3D	True	3.30.830.10|3.30.830.10|3.30.830.10|3.30.830.10
O43865	4	CATH/Gene3D	True	3.40.50.1480|3.40.50.1480|3.40.50.720|3.40.50.1480
O43920	1	Chainsaw_v3	True	6-98
O60218	1	CATH/Gene3D	True	3.20.20.100
O60220	1	CATH/Gene3D	True	1.10.287.810
O60238	1	CATH/Gene3D	True	6.10.250.1020
O60260	3	CATH/Gene3D	True	3.10.20.90|2.20.25.20|1.20.120.1750
O60313	1	CATH/Gene3D	True	3.40.50.300
O60783	1	CATH/Gene3D	True	1.10.287.1480
O60830	1	Chainsaw_v3	True	10-141
O60930	2	CATH/Gene3D	True	3.40.970.10|3.30.420.10
O75027	2	CATH/Gene3D	True	1.20.1560.10|3.40.50.300
O75127	3	CATH/Gene3D	True	1.25.40.10|1.25.40.10|1.25.40.10
O75208	1	CATH/Gene3D	True	1.10.357.10
O75251	1	CATH/Gene3D	True	3.40.50.12280
O75306	1	CATH/Gene3D	True	1.10.645.10
O75323	2	CATH/Gene3D	True	3.30.70.100|3.30.70.100
O75380	1	CATH/Gene3D	True	2.60.260.40
O75390	2	CATH/Gene3D	True	1.10.580.10|1.10.230.10
O75394	1	CATH/Gene3D	True	2.20.28.120
O75414	1	CATH/Gene3D	True	3.30.70.141
O75417	7	CATH/Gene3D	True	3.40.50.300|3.40.50.300|1.10.3380.20|3.30.420.10|1.20.1060.10|3.30.70.370|1.10.150.20
O75431	1	CATH/Gene3D	True	1.20.1050.10
O75438	1	Chainsaw_v3	True	
O75439	2	CATH/Gene3D	True	3.30.830.10|3.30.830.10
O75489	1	CATH/Gene3D	True	3.30.460.80
O75521	3	CATH/Gene3D	True	1.20.80.10|3.90.226.10|1.10.12.10
O75570	4	CATH/Gene3D	True	6.10.140.1950|3.30.70.1660|3.30.160.20|3.30.70.1660
O75600	2	CATH/Gene3D	True	3.90.1150.10|3.40.640.10
O75608	1	CATH/Gene3D	True	3.40.50.1820
O75616	2	CATH/Gene3D	True	3.40.50.300|3.30.300.20
O75648	3	CATH/Gene3D	True	3.40.50.620|2.30.30.280|2.40.30.10
O75746	3	CATH/Gene3D	True	1.10.238.10|1.10.238.10|1.50.40.10
O75828	1	CATH/Gene3D	True	3.40.50.720
O75879	1	CATH/Gene3D	True	1.10.10.410
O75880	1	CATH/Gene3D	True	3.40.30.10
O75891	5	CATH/Gene3D	True	3.40.50.170|3.10.25.10|1.10.1200.10|3.40.605.10|3.40.309.10
O75947	1	CATH/Gene3D	True	6.10.280.70
O75964	1	Chainsaw_v3	True	1-95
O76031	2	CATH/Gene3D	True	3.40.50.300|1.10.8.60
O94761	3	CATH/Gene3D	True	1.10.10.1460|3.40.50.300|3.40.50.300
O94826	2	CATH/Gene3D	True	1.25.40.10|1.25.40.10
O94903	1	CATH/Gene3D	True	3.20.20.10
O94925	3	CATH/Gene3D	True	1.10.238.210|3.40.710.10|1.25.40.20
O95139	1	Chainsaw_v3	True	42-117
O95140	2	CATH/Gene3D	True	3.40.50.300|1.20.5.110
O95167	1	Chainsaw_v3	True	1-83
O95168	1	Chainsaw_v3	True	16-118
O95169	1	Chainsaw_v3	True	126-166
O95178	1	Chainsaw_v3	True	52-97
O95182	1	Chainsaw_v3	True	
O95202	1	CATH/Gene3D	True	1.10.238.10
O95258	1	CATH/Gene3D	True	1.50.40.10
O95298	1	Chainsaw_v3	True	2-108
O95299	1	CATH/Gene3D	True	3.40.50.300
O95363	2	CATH/Gene3D	True	3.30.930.10|3.30.70.380
O95563	2	Chainsaw_v3	True	3-33,41-126
O95571	1	CATH/Gene3D	True	3.60.15.10
O95721	2	CATH/Gene3D	True	1.20.5.110|1.20.5.110
O95822	2	CATH/Gene3D	True	1.20.140.90|3.40.630.150
O95831	3	CATH/Gene3D	True	3.50.50.60|3.50.50.60|3.30.390.30
O95847	1	CATH/Gene3D	True	1.50.40.10
O95900	1	CATH/Gene3D	True	3.30.2350.10
O96000	1	Chainsaw_v3	True	23-171
O96008	1	CATH/Gene3D	True	2.40.160.10
O96011	1	Chainsaw_v3	True	1-255
P00156	1	CATH/Gene3D	True	1.20.810.10
P00350	3	CATH/Gene3D	True	3.40.50.720|1.10.1040.10|1.20.5.320
P00363	4	CATH/Gene3D	True	3.50.50.60|3.90.700.10|1.20.58.100|4.10.80.40
P00367	3	CATH/Gene3D	True	1.10.287.140|3.40.50.10860|3.40.50.720
P00387	2	CATH/Gene3D	True	2.40.30.10|3.40.50.80
P00390	3	CATH/Gene3D	True	3.50.50.60|3.50.50.60|3.30.390.30
P00393	1	CATH/Gene3D	True	3.50.50.100
P00395	1	CATH/Gene3D	True	1.20.210.10
P00403	2	CATH/Gene3D	True	1.10.287.90|2.60.40.420
P00414	2	CATH/Gene3D	True	1.10.287.70|1.20.120.80
P00441	1	CATH/Gene3D	True	2.60.40.200
P00480	2	CATH/Gene3D	True	3.40.50.1370|3.40.50.1370
P00490	2	CATH/Gene3D	True	3.40.50.2000|3.40.50.2000
P00505	2	CATH/Gene3D	True	3.90.1150.10|3.40.640.10
P00846	1	CATH/Gene3D	True	1.20.120.220
P00944	1	CATH/Gene3D	True	3.20.20.150
P02794	1	CATH/Gene3D	True	1.20.1260.10
P02925	2	CATH/Gene3D	True	3.40.50.2300|3.40.50.2300
P02931	1	CATH/Gene3D	True	2.40.160.10
P03813	2	CATH/Gene3D	True	3.40.50.1860|3.40.50.1860
P03886	2	Chainsaw_v3	True	1-57,68-311
P03891	1	Chainsaw_v3	True	4-345
P03897	1	CATH/Gene3D	True	1.20.58.1610
P03901	1	CATH/Gene3D	True	1.10.287.3510
P03905	2	Chainsaw_v3	True	1-236,237-454
P03915	3	Chainsaw_v3	True	1-491,518-548,556-602
P03923	2	Chainsaw_v3	True	4-109,137-172
P03928	1	Chainsaw_v3	True	7-63
P04040	1	CATH/Gene3D	True	2.40.180.10
P04179	2	CATH/Gene3D	True	1.10.287.990|3.55.40.20
P04181	2	CATH/Gene3D	True	3.90.1150.10|3.40.640.10
P05020	1	CATH/Gene3D	True	3.20.20.140
P05055	4	CATH/Gene3D	True	3.30.230.70|3.30.230.70|3.30.1370.10|2.40.50.140
P05091	2	CATH/Gene3D	True	3.40.605.10|3.40.309.10
P05108	1	CATH/Gene3D	True	1.10.630.10
P05141	1	CATH/Gene3D	True	1.50.40.10
P05165	5	CATH/Gene3D	True	3.40.50.20|3.30.1490.20|3.30.470.20|3.30.700.30|2.40.50.100
P05166	2	CATH/Gene3D	True	3.90.226.10|3.90.226.10
P05496	1	CATH/Gene3D	True	1.20.20.10
P06576	3	CATH/Gene3D	True	2.40.10.170|3.40.50.300|1.10.1140.10
P06746	4	CATH/Gene3D	True	1.10.150.110|1.10.150.20|3.30.460.10|3.30.210.10
P06959	5	CATH/Gene3D	True	2.40.50.100|2.40.50.100|2.40.50.100|4.10.320.10|3.30.559.10
P06987	3	CATH/Gene3D	True	3.40.50.1000|3.30.230.40|3.30.230.40
P06996	1	CATH/Gene3D	True	2.40.160.10
P07108	1	CATH/Gene3D	True	1.20.80.10
P07148	1	CATH/Gene3D	True	2.40.128.20
P07195	2	CATH/Gene3D	True	3.40.50.720|3.90.110.10
P07203	1	CATH/Gene3D	True	3.40.30.10
P07237	4	CATH/Gene3D	True	3.40.30.10|3.40.30.10|3.40.30.10|3.40.30.10
P07650	3	CATH/Gene3D	True	1.20.970.10|3.40.1030.10|3.90.1170.30
P07919	1	CATH/Gene3D	True	1.10.287.20
P07954	3	CATH/Gene3D	True	1.10.275.10|1.20.200.10|1.10.40.30
P08202	1	CATH/Gene3D	True	3.40.50.10940
P08203	1	CATH/Gene3D	True	3.40.225.10
P08244	1	CATH/Gene3D	True	3.20.20.70
P08559	1	CATH/Gene3D	True	3.40.50.970
P08574	2	CATH/Gene3D	True	1.10.760.10|1.20.5.100
P08622	4	CATH/Gene3D	True	1.10.287.110|2.60.260.20|2.10.230.10|2.60.260.20
P09001	2	CATH/Gene3D	True	2.40.30.10|2.40.30.10
P09053	1	CATH/Gene3D	True	3.40.640.10
P09110	1	CATH/Gene3D	True	3.40.47.10
P09372	2	CATH/Gene3D	True	3.90.20.20|2.30.22.10
P09417	1	CATH/Gene3D	True	3.40.50.720
P09622	3	CATH/Gene3D	True	3.50.50.60|3.50.50.60|3.30.390.30
P09669	1	CATH/Gene3D	True	4.10.93.10
P0A6A3	2	CATH/Gene3D	True	3.30.420.40|3.30.420.40
P0A6B7	2	CATH/Gene3D	True	3.90.1150.10|3.40.640.10
P0A6C1	1	CATH/Gene3D	True	3.20.20.150
P0A6D7	1	CATH/Gene3D	True	3.40.50.300
P0A6J5	3	CATH/Gene3D	True	3.50.50.60|3.50.50.60|3.30.9.10
P0A6L0	1	CATH/Gene3D	True	3.20.20.70
P0A6L2	1	CATH/Gene3D	True	3.20.20.70
P0A6L4	1	CATH/Gene3D	True	3.20.20.70
P0A6M8	5	CATH/Gene3D	True	3.40.50.300|2.40.30.10|3.30.70.870|3.30.230.10|3.30.70.240
P0A6P1	4	CATH/Gene3D	True	1.10.8.10|3.30.479.20|3.30.479.20|1.10.286.20
P0A6P7	1	CATH/Gene3D	True	3.40.50.300
P0A6P9	2	CATH/Gene3D	True	3.30.390.10|3.20.20.120
P0A6Q3	1	CATH/Gene3D	True	3.10.129.10
P0A6T5	2	CATH/Gene3D	True	1.10.286.10|3.30.1130.10
P0A6U3	4	CATH/Gene3D	True	3.50.50.60|3.50.50.60|1.10.10.1800|1.10.150.570
P0A6W5	2	CATH/Gene3D	True	1.10.287.180|3.10.50.30
P0A6Y5	3	CATH/Gene3D	True	3.55.30.10|1.10.287.480|3.90.1280.10
P0A6Y8	5	CATH/Gene3D	True	3.30.420.40|3.30.420.40|3.90.640.10|2.60.34.10|1.20.1270.10
P0A6Z6	2	CATH/Gene3D	True	1.10.1220.10|3.30.70.1150
P0A705	5	CATH/Gene3D	True	3.30.56.50|3.40.50.300|2.40.30.10|3.40.50.10050|2.40.30.10
P0A707	2	CATH/Gene3D	True	3.10.20.80|3.30.110.10
P0A715	1	CATH/Gene3D	True	3.20.20.70
P0A717	2	CATH/Gene3D	True	3.40.50.2020|3.40.50.2020
P0A722	2	CATH/Gene3D	True	2.160.10.10|1.20.1180.10
P0A738	1	CATH/Gene3D	True	3.30.70.640
P0A776	1	CATH/Gene3D	True	3.90.79.10
P0A799	2	CATH/Gene3D	True	3.40.50.1260|3.40.50.1260
P0A7A9	1	CATH/Gene3D	True	3.90.80.10
P0A7D1	1	CATH/Gene3D	True	3.40.50.1470
P0A7D4	3	CATH/Gene3D	True	3.40.440.10|1.10.300.10|3.90.170.10
P0A7X6	2	CATH/Gene3D	True	2.40.30.60|2.30.30.240
P0A7Z4	3	CATH/Gene3D	True	3.30.1360.10|2.170.120.12|1.10.150.20
P0A805	2	CATH/Gene3D	True	1.10.132.20|3.30.1360.40
P0A817	3	CATH/Gene3D	True	3.30.300.10|3.30.300.10|3.30.300.10
P0A825	2	CATH/Gene3D	True	3.90.1150.10|3.40.640.10
P0A832	1	CATH/Gene3D	True	2.40.280.10
P0A850	3	CATH/Gene3D	True	3.30.70.1050|1.10.3120.10|3.10.50.40
P0A853	2	CATH/Gene3D	True	3.90.1150.10|3.40.640.10
P0A862	1	CATH/Gene3D	True	3.40.30.10
P0A873	2	CATH/Gene3D	True	3.40.1280.10|1.10.1270.20
P0A894	1	CATH/Gene3D	True	3.40.50.300
P0A8E1	1	CATH/Gene3D	True	3.40.50.1820
P0A8G3	2	CATH/Gene3D	True	3.20.20.140|1.10.2020.10
P0A8I5	1	CATH/Gene3D	True	3.40.50.150
P0A8J8	2	CATH/Gene3D	True	3.40.50.300|3.40.50.300
P0A8M0	2	CATH/Gene3D	True	2.40.50.140|3.30.930.10
P0A8M3	5	CATH/Gene3D	True	3.10.20.30|3.30.980.10|3.30.54.20|3.30.930.10|3.40.50.800
P0A8S1	2	CATH/Gene3D	True	1.10.10.10|3.40.190.290
P0A8T7	10	CATH/Gene3D	True	4.10.860.120|2.40.40.20|1.10.40.90|1.10.274.100|1.10.132.30|2.40.50.100|2.40.50.100|1.10.1790.20|2.40.50.100|1.10.150.390
P0A8U2	1	CATH/Gene3D	True	3.60.10.10
P0A8V2	9	CATH/Gene3D	True	3.90.1100.10|3.90.1110.10|3.90.1100.10|2.30.150.10|2.40.50.100|2.40.50.150|6.10.140.1670|2.40.270.10|3.90.1800.10
P0A8W8	2	CATH/Gene3D	True	1.10.287.680|1.10.3190.10
P0A8Y3	2	CATH/Gene3D	True	3.40.50.1000|1.10.150.240
P0A910	2	CATH/Gene3D	True	2.40.160.20|3.30.1330.60
P0A948	1	CATH/Gene3D	True	3.40.630.30
P0A953	2	CATH/Gene3D	True	3.40.47.10|3.40.47.10
P0A959	2	CATH/Gene3D	True	3.90.1150.10|3.40.640.10
P0A991	1	CATH/Gene3D	True	3.20.20.70
P0A9B2	2	CATH/Gene3D	True	3.40.50.720|3.30.360.10
P0A9D4	2	CATH/Gene3D	True	1.10.3130.10|2.160.10.10
P0A9E0	3	CATH/Gene3D	True	2.60.120.280|1.10.10.60|1.10.10.60
P0A9F3	3	CATH/Gene3D	True	1.10.10.10|3.40.190.10|3.40.190.10
P0A9H1	1	CATH/Gene3D	True	3.40.470.10
P0A9J8	4	CATH/Gene3D	True	1.20.59.10|3.40.190.10|3.40.190.10|3.30.70.260
P0A9K3	1	CATH/Gene3D	True	3.40.50.300
P0A9L5	1	CATH/Gene3D	True	3.10.50.40
P0A9M0	6	CATH/Gene3D	True	2.30.130.40|1.20.58.1480|1.20.5.5270|3.40.50.300|1.10.8.60|3.30.230.10
P0A9N4	1	CATH/Gene3D	True	3.20.20.70
P0A9P0	3	CATH/Gene3D	True	3.50.50.60|3.50.50.60|3.30.390.30
P0A9P6	3	CATH/Gene3D	True	3.40.50.300|3.40.50.300|3.30.70.330
P0A9Q7	4	CATH/Gene3D	True	3.40.605.10|3.40.309.10|3.40.50.1970|1.20.1090.10
P0A9Q9	2	CATH/Gene3D	True	3.40.50.720|3.30.360.10
P0A9R7	1	CATH/Gene3D	True	3.40.50.300
P0A9S3	2	CATH/Gene3D	True	3.90.180.10|3.40.50.720
P0A9T0	3	CATH/Gene3D	True	3.40.50.720|3.40.50.720|3.30.70.260
P0A9T4	1	CATH/Gene3D	True	3.20.20.100
P0A9X4	3	CATH/Gene3D	True	3.30.420.40|3.30.420.40|3.30.420.40
P0AA16	3	CATH/Gene3D	True	3.40.50.2300|6.10.250.690|1.10.10.10
P0AA39	2	CATH/Gene3D	True	3.10.290.10|3.30.2350.10
P0AAG8	2	CATH/Gene3D	True	3.40.50.300|3.40.50.300
P0AAH0	1	CATH/Gene3D	True	3.40.50.300
P0AAI5	1	CATH/Gene3D	True	3.40.47.10
P0AAR3	1	CATH/Gene3D	True	3.90.960.10
P0AAZ4	4	CATH/Gene3D	True	3.40.50.300|1.10.8.60|1.20.272.10|1.10.3710.10
P0AB71	1	CATH/Gene3D	True	3.20.20.70
P0ABD5	1	CATH/Gene3D	True	3.90.226.10
P0ABF1	2	CATH/Gene3D	True	3.30.460.10|1.10.3090.10
P0ABH7	3	CATH/Gene3D	True	2.20.28.60|1.10.580.10|1.10.230.10
P0ABP8	1	CATH/Gene3D	True	3.40.50.1580
P0ABT2	1	CATH/Gene3D	True	1.20.1260.10
P0ABT5	2	CATH/Gene3D	True	3.20.20.70|1.10.1200.80
P0AC41	4	CATH/Gene3D	True	3.50.50.60|3.90.700.10|1.20.58.100|4.10.80.40
P0AC59	2	CATH/Gene3D	True	3.40.30.10|1.20.1050.10
P0AC69	1	CATH/Gene3D	True	3.40.30.10
P0ACB2	1	CATH/Gene3D	True	3.20.20.70
P0ACB4	1	CATH/Gene3D	True	3.40.50.360
P0ACI0	3	CATH/Gene3D	True	1.10.10.60|1.10.10.60|3.20.80.10
P0ACJ8	2	CATH/Gene3D	True	2.60.120.10|1.10.10.10
P0ACK8	2	CATH/Gene3D	True	1.10.10.10|3.40.50.1360
P0ACL5	2	CATH/Gene3D	True	1.10.10.10|1.20.120.530
P0ACQ4	3	CATH/Gene3D	True	1.10.10.10|3.40.190.10|3.40.190.10
P0AD61	3	CATH/Gene3D	True	3.20.20.60|2.40.33.10|3.40.1380.20
P0ADG4	2	CATH/Gene3D	True	3.30.540.10|3.40.190.80
P0AE08	1	CATH/Gene3D	True	3.40.30.10
P0AE88	3	CATH/Gene3D	True	3.40.50.2300|6.10.250.690|1.10.10.10
P0AED5	1	CATH/Gene3D	True	3.40.50.2300
P0AEJ2	1	CATH/Gene3D	True	3.60.120.10
P0AEJ6	3	CATH/Gene3D	True	2.30.170.30|1.10.220.70|3.20.20.70
P0AEK2	1	CATH/Gene3D	True	3.40.50.720
P0AES4	4	CATH/Gene3D	True	3.90.199.10|3.30.1360.40|1.10.268.10|2.120.10.90
P0AEU7	1	CATH/Gene3D	True	3.30.910.20
P0AEZ1	1	CATH/Gene3D	True	3.20.20.220
P0AEZ9	1	CATH/Gene3D	True	3.40.980.10
P0AF48	1	CATH/Gene3D	True	2.60.120.460
P0AFD1	2	CATH/Gene3D	True	1.10.10.1590|3.40.30.10
P0AFG0	2	CATH/Gene3D	True	3.30.70.940|2.30.30.30
P0AFG3	4	CATH/Gene3D	True	1.10.287.1150|3.40.50.970|3.40.50.12470|3.40.50.11610
P0AFG6	3	CATH/Gene3D	True	2.40.50.100|4.10.320.10|3.30.559.10
P0AFG8	3	CATH/Gene3D	True	3.40.50.970|3.40.50.970|3.40.50.920
P0AFI2	4	CATH/Gene3D	True	3.90.199.10|3.30.1360.40|1.10.268.10|2.120.10.90
P0AFK0	1	CATH/Gene3D	True	3.30.2290.10
P0AFQ7	1	CATH/Gene3D	True	3.20.20.140
P0AFR4	1	CATH/Gene3D	True	3.90.870.10
P0AFX4	1	CATH/Gene3D	True	1.20.120.1370
P0AFY8	2	CATH/Gene3D	True	1.10.1220.10|1.20.1380.10
P0AG24	4	CATH/Gene3D	True	1.10.3210.10|3.30.460.10|3.10.20.30|3.30.70.260
P0AG30	3	CATH/Gene3D	True	1.10.720.10|2.40.50.140|3.40.50.300
P0AGG4	2	CATH/Gene3D	True	2.30.30.380|3.40.30.10
P0AGG8	1	CATH/Gene3D	True	3.30.2290.10
P0AGJ2	1	CATH/Gene3D	True	3.40.1280.10
P0AGJ5	2	CATH/Gene3D	True	3.30.1330.30|3.40.1280.10
P0AGK8	1	CATH/Gene3D	True	1.10.10.10
P0C0K3	3	CATH/Gene3D	True	3.30.200.70|1.10.510.10|1.20.1270.170
P0C7M7	2	CATH/Gene3D	True	3.40.50.12780|3.30.300.30
P0C7P0	2	CATH/Gene3D	True	3.40.5.90|3.40.5.90
P0C8J6	1	CATH/Gene3D	True	3.20.20.70
P0C8J8	2	CATH/Gene3D	True	3.20.20.70|1.10.400.20
P0CE49	2	Chainsaw_v3	True	7-121,122-325
P0DJ07	1	Chainsaw_v3	True	1-72
P0DKB6	1	Chainsaw_v3	True	1-106
P0DPI2	1	CATH/Gene3D	True	3.40.50.880
P0DTT0	5	CATH/Gene3D	True	3.40.50.300|2.40.30.10|3.30.70.870|3.30.70.240|2.40.50.250
P10109	1	CATH/Gene3D	True	3.10.20.30
P10176	1	CATH/Gene3D	True	4.10.81.10
P10415	1	CATH/Gene3D	True	1.10.437.10
P10515	4	CATH/Gene3D	True	2.40.50.100|2.40.50.100|4.10.320.10|3.30.559.10
P10606	1	CATH/Gene3D	True	2.60.11.10
P10620	1	CATH/Gene3D	True	1.20.120.550
P10809	3	CATH/Gene3D	True	1.10.560.10|3.30.260.10|3.50.7.10
P11177	2	CATH/Gene3D	True	3.40.50.970|3.40.50.920
P11182	3	CATH/Gene3D	True	2.40.50.100|4.10.320.10|3.30.559.10
P11310	3	CATH/Gene3D	True	1.10.540.10|2.40.110.10|1.20.140.10
P11498	4	CATH/Gene3D	True	3.30.470.20|3.20.20.70|3.10.600.10|2.40.50.100
P12074	1	CATH/Gene3D	True	4.10.95.10
P12235	1	CATH/Gene3D	True	1.50.40.10
P12236	1	CATH/Gene3D	True	1.50.40.10
P12694	1	CATH/Gene3D	True	3.40.50.970
P12998	2	CATH/Gene3D	True	3.90.1150.10|3.40.640.10
P13033	1	CATH/Gene3D	True	3.50.50.60
P13051	1	CATH/Gene3D	True	3.40.470.10
P13073	1	CATH/Gene3D	True	1.10.442.10
P13196	2	CATH/Gene3D	True	3.40.640.10|3.90.1150.10
P13804	2	CATH/Gene3D	True	3.40.50.620|3.40.50.1220
P13857	1	CATH/Gene3D	True	3.40.630.30
P13995	2	CATH/Gene3D	True	3.40.50.720|3.40.50.10860
P14324	1	CATH/Gene3D	True	1.10.600.10
P14406	1	CATH/Gene3D	True	4.10.91.10
P14735	4	CATH/Gene3D	True	3.30.830.10|3.30.830.10|3.30.830.10|3.30.830.10
P14854	1	CATH/Gene3D	True	1.10.10.140
P14927	1	CATH/Gene3D	True	1.10.1090.10
P15254	6	CATH/Gene3D	True	1.10.8.750|3.30.1330.10|3.90.650.10|3.30.1330.10|3.90.650.10|3.40.50.880
P15538	1	CATH/Gene3D	True	1.10.630.10
P15954	1	CATH/Gene3D	True	4.10.49.10
P16219	3	CATH/Gene3D	True	1.10.540.10|2.40.110.10|1.20.140.10
P16260	1	CATH/Gene3D	True	1.50.40.10
P17152	1	Chainsaw_v3	True	29-191
P17315	2	CATH/Gene3D	True	2.170.130.10|2.40.170.20
P17540	2	CATH/Gene3D	True	1.10.135.10|3.30.590.10
P17568	1	Chainsaw_v3	True	2-124
P17612	2	CATH/Gene3D	True	3.30.200.20|1.10.510.10
P18859	1	CATH/Gene3D	True	1.10.246.110
P19099	1	CATH/Gene3D	True	1.10.630.10
P19404	2	CATH/Gene3D	True	1.10.10.1590|3.40.30.10
P20674	1	CATH/Gene3D	True	1.25.40.40
P21151	2	CATH/Gene3D	True	3.40.47.10|3.40.47.10
P21165	2	CATH/Gene3D	True	3.40.350.10|3.90.230.10
P21397	4	CATH/Gene3D	True	3.50.50.60|3.90.660.10|1.10.405.10|6.10.250.130
P21499	3	CATH/Gene3D	True	2.40.50.140|2.40.50.140|2.40.50.140
P21515	1	Chainsaw_v3	True	3-190
P21549	2	CATH/Gene3D	True	3.90.1150.10|3.40.640.10
P21796	1	CATH/Gene3D	True	2.40.160.10
P21912	2	CATH/Gene3D	True	3.10.20.30|1.10.1060.10
P21953	2	CATH/Gene3D	True	3.40.50.970|3.40.50.920
P21964	1	CATH/Gene3D	True	3.40.50.150
P22033	2	CATH/Gene3D	True	3.20.20.240|3.40.50.280
P22234	3	CATH/Gene3D	True	3.30.200.20|3.30.470.20|3.40.50.1970
P22307	2	CATH/Gene3D	True	3.40.47.10|3.30.1050.10
P22333	1	CATH/Gene3D	True	3.20.20.140
P22557	3	CATH/Gene3D	True	4.10.92.10|3.90.1150.10|3.40.640.10
P22570	2	CATH/Gene3D	True	3.40.50.720|3.50.50.60
P22695	2	CATH/Gene3D	True	3.30.830.10|3.30.830.10
P22830	2	CATH/Gene3D	True	3.40.50.1400|3.40.50.1400
P23003	2	CATH/Gene3D	True	3.40.50.150|2.40.50.1070
P23368	2	CATH/Gene3D	True	3.40.50.10380|3.40.50.720
P23378	4	CATH/Gene3D	True	3.90.1150.10|3.40.640.10|3.40.640.10|3.90.1150.10
P23434	1	CATH/Gene3D	True	2.40.50.100
P23721	2	CATH/Gene3D	True	3.40.640.10|3.90.1150.10
P23786	4	CATH/Gene3D	True	1.10.275.20|3.30.559.70|1.20.1280.180|3.30.559.10
P23836	3	CATH/Gene3D	True	3.40.50.2300|6.10.250.690|1.10.10.10
P23843	3	CATH/Gene3D	True	3.40.190.10|3.90.76.10|3.10.105.10
P23869	1	CATH/Gene3D	True	2.40.100.10
P23893	2	CATH/Gene3D	True	3.90.1150.10|3.40.640.10
P23908	2	CATH/Gene3D	True	3.40.630.10|3.30.70.360
P23919	1	CATH/Gene3D	True	3.40.50.300
P24182	3	CATH/Gene3D	True	3.30.470.20|3.30.1490.20|3.30.470.20
P24310	1	CATH/Gene3D	True	4.10.91.10
P24311	1	CATH/Gene3D	True	4.10.51.10
P24539	1	CATH/Gene3D	True	1.20.5.2210
P24752	1	CATH/Gene3D	True	3.40.47.10
P25325	2	CATH/Gene3D	True	3.40.250.10|3.40.250.10
P25397	1	CATH/Gene3D	True	3.40.50.150
P25705	3	CATH/Gene3D	True	2.40.30.20|3.40.50.300|1.20.150.20
P25874	1	CATH/Gene3D	True	1.50.40.10
P25888	2	CATH/Gene3D	True	3.40.50.300|3.40.50.300
P26440	3	CATH/Gene3D	True	1.10.540.10|2.40.110.10|1.20.140.10
P26602	1	CATH/Gene3D	True	3.40.1410.10
P27105	2	CATH/Gene3D	True	3.30.479.30|6.10.250.2090
P27144	1	CATH/Gene3D	True	3.40.50.300
P27249	1	CATH/Gene3D	True	1.10.3210.10
P27294	2	Chainsaw_v3	True	1-105,111-215
P27305	1	CATH/Gene3D	True	3.40.50.620
P27306	3	CATH/Gene3D	True	3.50.50.60|3.50.50.60|3.30.390.30
P27338	4	CATH/Gene3D	True	3.50.50.60|3.90.660.10|1.10.405.10|6.10.250.130
P27695	1	CATH/Gene3D	True	3.60.10.10
P28288	2	CATH/Gene3D	True	1.20.1560.10|3.40.50.300
P28330	3	CATH/Gene3D	True	1.10.540.10|2.40.110.10|1.20.140.10
P28331	4	CATH/Gene3D	True	3.10.20.740|3.30.70.20|3.30.200.210|3.40.50.740
P28838	2	CATH/Gene3D	True	3.40.220.10|3.40.630.10
P29012	2	CATH/Gene3D	True	3.20.20.10|2.40.37.10
P29368	2	CATH/Gene3D	True	3.40.50.1820|1.10.10.800
P29680	1	CATH/Gene3D	True	3.20.20.210
P29803	1	CATH/Gene3D	True	3.40.50.970
P30038	2	CATH/Gene3D	True	3.40.605.10|3.40.309.10
P30041	2	CATH/Gene3D	True	3.40.30.10|3.30.1020.10
P30042	0	none	False	
P30044	1	CATH/Gene3D	True	3.40.30.10
P30048	1	CATH/Gene3D	True	3.40.30.10
P30049	2	CATH/Gene3D	True	2.60.15.10|1.20.5.440
P30084	2	CATH/Gene3D	True	3.90.226.10|1.10.12.10
P30137	1	CATH/Gene3D	True	3.20.20.70
P30139	1	CATH/Gene3D	True	3.20.20.70
P30140	1	CATH/Gene3D	True	3.20.20.70
P30177	2	CATH/Gene3D	True	1.20.970.10|3.40.1030.10
P30405	1	CATH/Gene3D	True	2.40.100.10
P30536	1	CATH/Gene3D	True	1.20.1260.100
P30745	1	CATH/Gene3D	True	3.20.20.70
P30837	2	CATH/Gene3D	True	3.40.605.10|3.40.309.10
P31040	4	CATH/Gene3D	True	3.50.50.60|3.90.700.10|1.20.58.100|4.10.80.40
P31057	1	CATH/Gene3D	True	3.20.20.60
P31327	9	CATH/Gene3D	True	3.50.30.20|3.40.50.880|3.40.50.20|3.30.470.20|1.10.1030.10|3.40.50.20|3.30.470.20|3.30.1490.20|3.40.50.1380
P31666	1	CATH/Gene3D	True	3.20.20.370
P31930	2	CATH/Gene3D	True	3.30.830.10|3.30.830.10
P31937	2	CATH/Gene3D	True	3.40.50.720|1.10.1040.10
P31979	4	CATH/Gene3D	True	6.10.250.1450|3.40.50.11540|3.10.20.600|1.20.1440.230
P32119	1	CATH/Gene3D	True	3.40.30.10
P32322	2	CATH/Gene3D	True	3.40.50.720|1.10.3730.10
P32677	2	CATH/Gene3D	True	1.10.10.60|1.10.10.60
P32695	2	CATH/Gene3D	True	3.20.20.70|1.20.120.1460
P33121	1	CATH/Gene3D	True	3.40.50.12780
P33232	1	CATH/Gene3D	True	3.20.20.70
P33316	1	CATH/Gene3D	True	2.70.40.10
P33371	2	CATH/Gene3D	True	3.20.20.70|1.20.225.30
P33599	2	CATH/Gene3D	True	3.30.460.80|1.10.645.10
P33667	1	CATH/Gene3D	True	3.40.250.10
P33897	1	CATH/Gene3D	True	3.40.50.300
P34897	2	CATH/Gene3D	True	3.90.1150.10|3.40.640.10
P34913	3	CATH/Gene3D	True	3.40.50.1000|1.10.150.240|3.40.50.1820
P35218	1	CATH/Gene3D	True	3.10.200.10
P35232	1	CATH/Gene3D	True	3.30.479.30
P35270	1	CATH/Gene3D	True	3.40.50.720
P35914	1	CATH/Gene3D	True	3.20.20.70
P36404	1	CATH/Gene3D	True	3.40.50.300
P36542	2	CATH/Gene3D	True	1.10.287.80|3.40.1380.10
P36548	1	CATH/Gene3D	True	3.40.630.40
P36551	1	CATH/Gene3D	True	3.40.1500.10
P36776	6	CATH/Gene3D	True	2.30.130.40|1.20.58.1480|1.20.5.5270|3.40.50.300|1.10.8.60|3.30.230.10
P36928	3	CATH/Gene3D	True	3.30.420.40|3.90.640.10|3.30.420.40
P36957	2	CATH/Gene3D	True	2.40.50.100|3.30.559.10
P36969	1	CATH/Gene3D	True	3.40.30.10
P37326	3	CATH/Gene3D	True	3.30.160.390|1.10.150.130|1.10.443.10
P37339	2	CATH/Gene3D	True	3.50.50.60|3.30.9.10
P37685	2	CATH/Gene3D	True	3.40.605.10|3.40.309.10
P37745	1	CATH/Gene3D	True	2.60.120.10
P37765	2	CATH/Gene3D	True	3.10.290.10|3.30.2350.10
P38104	2	CATH/Gene3D	True	3.30.390.10|3.20.20.120
P38117	1	CATH/Gene3D	True	3.40.50.620
P38646	6	CATH/Gene3D	True	3.30.420.40|3.30.30.30|3.30.420.40|3.90.640.10|2.60.34.10|1.20.1270.10
P39177	1	CATH/Gene3D	True	3.40.50.620
P39210	1	Chainsaw_v3	True	1-174
P39406	2	CATH/Gene3D	True	3.40.50.150|3.40.50.150
P39407	2	CATH/Gene3D	True	3.40.1090.10|3.40.1090.10
P39408	1	CATH/Gene3D	True	3.20.20.140
P40305	1	CATH/Gene3D	True	6.10.110.10
P40926	2	CATH/Gene3D	True	3.40.50.720|3.90.110.10
P40939	3	CATH/Gene3D	True	3.90.226.10|3.40.50.720|1.10.1040.50
P41250	5	CATH/Gene3D	True	1.10.287.10|3.30.930.10|3.30.40.230|3.30.720.200|3.40.50.800
P42126	2	CATH/Gene3D	True	3.90.226.10|6.10.250.170
P42574	1	CATH/Gene3D	True	3.40.50.1460
P42596	2	CATH/Gene3D	True	3.40.50.150|3.40.50.150
P42704	4	CATH/Gene3D	True	1.25.40.10|1.25.40.10|1.25.40.10|1.25.40.10
P42765	2	CATH/Gene3D	True	3.40.47.10|3.40.47.10
P43155	2	CATH/Gene3D	True	3.30.559.10|3.30.559.70
P43304	4	CATH/Gene3D	True	3.50.50.60|3.30.9.10|1.10.8.870|1.10.238.10
P43329	3	CATH/Gene3D	True	3.40.50.300|3.40.50.300|1.20.120.1080
P43897	3	CATH/Gene3D	True	1.10.8.10|3.30.479.20|3.30.479.20
P45577	1	CATH/Gene3D	True	1.10.1710.10
P45578	1	CATH/Gene3D	True	3.30.1360.80
P45880	1	CATH/Gene3D	True	2.40.160.10
P45954	3	CATH/Gene3D	True	1.10.540.10|2.40.110.10|1.20.140.10
P46199	4	CATH/Gene3D	True	3.40.50.300|2.40.30.10|3.40.50.10050|2.40.30.10
P47985	3	CATH/Gene3D	True	2.10.210.10|1.20.5.270|2.102.10.10
P48047	1	CATH/Gene3D	True	1.10.520.20
P48201	1	CATH/Gene3D	True	1.20.20.10
P48728	4	CATH/Gene3D	True	3.30.1360.120|3.30.70.1400|4.10.1250.10|2.40.30.110
P48735	1	CATH/Gene3D	True	3.40.718.10
P49189	2	CATH/Gene3D	True	3.40.605.10|3.40.309.10
P49247	2	CATH/Gene3D	True	3.40.50.1360|3.30.70.260
P49327	10	CATH/Gene3D	True	3.40.47.10|3.30.70.3290|3.40.366.10|3.10.129.110|3.40.50.150|3.40.50.720|3.90.180.10|1.10.1200.10|3.40.50.1820|3.40.50.1820
P49406	1	CATH/Gene3D	True	2.30.30.790
P49411	3	CATH/Gene3D	True	3.40.50.300|2.40.30.10|2.40.30.10
P49419	2	CATH/Gene3D	True	3.40.605.10|3.40.309.10
P49448	3	CATH/Gene3D	True	1.10.287.140|3.40.50.10860|3.40.50.720
P49590	2	CATH/Gene3D	True	3.30.930.10|3.40.50.800
P49675	1	CATH/Gene3D	True	3.30.530.20
P49748	4	CATH/Gene3D	True	1.10.540.10|2.40.110.10|1.20.140.10|1.20.140.10
P49753	2	CATH/Gene3D	True	2.60.40.2240|3.40.50.1820
P49773	1	CATH/Gene3D	True	3.30.428.10
P49789	1	CATH/Gene3D	True	3.30.428.10
P49821	3	CATH/Gene3D	True	3.40.50.11540|3.10.20.600|1.20.1440.230
P49914	1	CATH/Gene3D	True	3.40.50.10420
P49916	6	CATH/Gene3D	True	3.30.1740.10|1.10.3260.10|3.30.1490.70|3.30.470.30|2.40.50.140|3.40.50.10190
P50213	1	CATH/Gene3D	True	3.40.718.10
P50336	1	CATH/Gene3D	True	3.50.50.60
P50416	3	CATH/Gene3D	True	6.10.250.1760|3.30.559.10|3.30.559.70
P50440	1	CATH/Gene3D	True	3.75.10.10
P50583	1	CATH/Gene3D	True	3.90.79.10
P51398	3	Chainsaw_v3	True	56-164_207-344,169-204,350-396
P51530	3	CATH/Gene3D	True	3.90.320.10|3.40.50.300|3.40.50.300
P51553	1	CATH/Gene3D	True	3.40.718.10
P51648	2	CATH/Gene3D	True	3.40.605.10|3.40.309.10
P51649	2	CATH/Gene3D	True	3.40.605.10|3.40.309.10
P51659	5	CATH/Gene3D	True	3.40.50.720|1.10.287.4290|3.10.129.10|3.10.129.10|3.30.1050.10
P51687	3	CATH/Gene3D	True	3.10.120.10|3.90.420.10|2.60.40.650
P51970	1	Chainsaw_v3	True	22-126
P52758	1	CATH/Gene3D	True	3.30.1330.40
P52815	2	CATH/Gene3D	True	1.20.5.710|3.30.1390.10
P53007	1	CATH/Gene3D	True	1.50.40.10
P53370	3	CATH/Gene3D	True	3.40.630.30|3.90.79.10|4.10.80.100
P53396	5	CATH/Gene3D	True	3.30.470.110|3.40.50.261|3.40.50.720|3.40.50.261|1.10.230.10
P53597	2	CATH/Gene3D	True	3.40.50.720|3.40.50.261
P53701	1	Chainsaw_v3	True	55-267
P54098	5	CATH/Gene3D	True	3.30.420.390|3.30.420.390|1.20.5.3960|3.30.70.370|1.10.150.20
P54819	1	CATH/Gene3D	True	3.40.50.300
P54868	1	CATH/Gene3D	True	3.40.47.10
P54886	3	CATH/Gene3D	True	3.40.1160.10|3.40.605.10|3.40.309.10
P55084	1	CATH/Gene3D	True	3.40.47.10
P55211	2	CATH/Gene3D	True	1.10.533.10|3.40.50.1460
P55789	1	CATH/Gene3D	True	1.20.120.310
P55809	2	CATH/Gene3D	True	3.40.1080.10|3.40.1080.10
P55851	1	CATH/Gene3D	True	1.50.40.10
P55916	1	CATH/Gene3D	True	1.50.40.10
P55957	1	CATH/Gene3D	True	1.10.437.10
P56134	1	Chainsaw_v3	True	13-90
P56181	1	Chainsaw_v3	True	
P56277	1	CATH/Gene3D	True	1.10.287.1130
P56378	1	Chainsaw_v3	True	
P56381	1	CATH/Gene3D	True	1.10.1620.20
P56385	1	Chainsaw_v3	True	
P56556	1	Chainsaw_v3	True	25-107
P56962	1	CATH/Gene3D	True	1.20.5.110
P57105	1	CATH/Gene3D	True	2.30.42.10
P58557	1	CATH/Gene3D	True	3.40.390.30
P59942	1	Chainsaw_v3	True	5-117
P60602	1	Chainsaw_v3	True	15-78
P60716	1	CATH/Gene3D	True	3.20.20.70
P61517	1	CATH/Gene3D	True	3.40.1050.10
P61604	1	CATH/Gene3D	True	2.30.33.40
P62072	1	CATH/Gene3D	True	1.10.287.810
P62244	2	CATH/Gene3D	True	3.30.1370.30|3.30.1490.10
P62269	2	CATH/Gene3D	True	1.10.8.50|4.10.910.10
P62593	1	CATH/Gene3D	True	3.40.710.10
P62707	1	CATH/Gene3D	True	3.40.50.1240
P63020	2	CATH/Gene3D	True	2.60.300.12|3.30.300.130
P64530	1	CATH/Gene3D	True	1.20.58.1000
P64588	1	CATH/Gene3D	True	1.10.10.10
P68767	2	CATH/Gene3D	True	3.40.220.10|3.40.630.10
P69408	2	CATH/Gene3D	True	3.40.50.2300|1.10.10.10
P69776	1	CATH/Gene3D	True	1.20.5.190
P69783	1	CATH/Gene3D	True	2.70.70.10
P69908	3	CATH/Gene3D	True	4.10.280.50|3.40.640.10|3.90.1150.160
P75736	1	CATH/Gene3D	True	3.40.50.1820
P75821	1	CATH/Gene3D	True	3.40.50.720
P75823	2	CATH/Gene3D	True	3.40.640.10|3.90.1150.10
P75849	1	CATH/Gene3D	True	3.60.15.10
P75864	4	CATH/Gene3D	True	3.30.2130.30|3.40.50.150|3.30.750.80|3.40.50.150
P75949	1	CATH/Gene3D	True	3.20.20.300
P76071	2	Chainsaw_v3	True	7-121,122-325
P76085	2	CATH/Gene3D	True	3.40.50.12780|3.30.300.30
P76104	4	Chainsaw_v3	True	7-195_197-205_215-297,196-196_206-214_516-628,319-403,407-507
P76116	1	CATH/Gene3D	True	2.130.10.10
P76143	1	CATH/Gene3D	True	3.20.20.70
P76187	1	CATH/Gene3D	True	3.20.20.100
P76250	2	CATH/Gene3D	True	1.10.10.10|3.40.190.290
P76344	1	CATH/Gene3D	True	2.40.128.20
P76550	1	CATH/Gene3D	True	1.10.260.40
P77333	2	CATH/Gene3D	True	1.10.10.10|3.40.190.290
P77395	3	CATH/Gene3D	True	3.40.30.10|1.25.40.10|1.25.40.10
P77444	2	CATH/Gene3D	True	3.90.1150.10|3.40.640.10
P77475	2	CATH/Gene3D	True	3.40.50.1000|1.10.150.240
P77581	2	CATH/Gene3D	True	3.90.1150.10|3.40.640.10
P77730	3	CATH/Gene3D	True	1.10.10.10|3.90.1150.10|3.40.640.10
P77735	1	CATH/Gene3D	True	3.20.20.100
P77739	2	CATH/Gene3D	True	3.30.200.20|3.90.1200.10
P78537	1	Chainsaw_v3	True	
P78540	1	CATH/Gene3D	True	3.40.800.10
P78549	2	CATH/Gene3D	True	1.10.340.30|1.10.1670.10
P80404	2	CATH/Gene3D	True	3.90.1150.10|3.40.640.10
P82650	3	Chainsaw_v3	True	73-126,141-196,208-359
P82663	1	CATH/Gene3D	True	3.40.30.10
P82664	1	CATH/Gene3D	True	3.30.70.600
P82673	3	Chainsaw_v3	True	56-129,140-242,245-320
P82675	2	CATH/Gene3D	True	3.30.160.20|3.30.230.10
P82909	1	Chainsaw_v3	True	36-99
P82912	1	CATH/Gene3D	True	3.30.420.80
P82914	1	CATH/Gene3D	True	1.10.287.10
P82921	1	CATH/Gene3D	True	1.20.5.1150
P82930	2	Chainsaw_v3	True	31-152,163-213
P82932	1	CATH/Gene3D	True	3.30.70.60
P82933	1	CATH/Gene3D	True	3.30.230.10
P83111	2	CATH/Gene3D	True	3.40.710.10|3.40.710.10
P84085	1	CATH/Gene3D	True	3.40.50.300
P86397	1	CATH/Gene3D	True	3.10.129.10
P99999	1	CATH/Gene3D	True	1.10.760.10
Q00059	2	CATH/Gene3D	True	1.10.30.10|1.10.30.10
Q00325	1	CATH/Gene3D	True	1.50.40.10
Q02127	1	CATH/Gene3D	True	3.20.20.70
Q02218	4	CATH/Gene3D	True	1.10.287.1150|3.40.50.970|3.40.50.12470|3.40.50.11610
Q02221	1	CATH/Gene3D	True	4.10.95.10
Q02252	2	CATH/Gene3D	True	3.40.605.10|3.40.309.10
Q02318	1	CATH/Gene3D	True	1.10.630.10
Q02338	1	CATH/Gene3D	True	3.40.50.720
Q02978	1	CATH/Gene3D	True	1.50.40.10
Q04837	1	CATH/Gene3D	True	2.40.50.140
Q05932	2	CATH/Gene3D	True	3.40.1190.10|3.90.190.20
Q06055	1	CATH/Gene3D	True	1.20.20.10
Q07021	1	CATH/Gene3D	True	3.10.280.10
Q07812	1	CATH/Gene3D	True	1.10.437.10
Q07817	1	CATH/Gene3D	True	1.10.437.10
Q07820	1	CATH/Gene3D	True	1.10.437.10
Q07973	1	CATH/Gene3D	True	1.10.630.10
Q08257	2	CATH/Gene3D	True	3.90.180.10|3.40.50.720
Q08426	3	CATH/Gene3D	True	3.90.226.10|3.40.50.720|1.10.1040.50
Q08AE8	1	CATH/Gene3D	True	1.10.510.10
Q08AH1	2	CATH/Gene3D	True	3.40.50.12780|3.30.300.30
Q08AH3	2	CATH/Gene3D	True	3.40.50.12780|3.30.300.30
Q08J23	1	CATH/Gene3D	True	3.40.50.150
Q09013	3	CATH/Gene3D	True	3.30.200.20|1.10.510.10|1.20.5.340
Q10713	2	CATH/Gene3D	True	3.30.830.10|3.30.830.10
Q12849	3	CATH/Gene3D	True	3.30.70.330|3.30.70.330|3.30.70.330
Q12887	1	CATH/Gene3D	True	1.10.357.140
Q12931	4	CATH/Gene3D	True	3.30.565.10|3.30.230.80|3.40.50.11260|1.20.120.790
Q12983	1	CATH/Gene3D	True	6.10.250.1020
Q13011	2	CATH/Gene3D	True	3.90.226.10|1.10.12.10
Q13057	2	CATH/Gene3D	True	3.40.50.620|3.40.50.300
Q13084	1	CATH/Gene3D	True	2.30.170.40
Q13085	8	CATH/Gene3D	True	3.40.50.20|3.90.1770.10|3.30.1490.20|3.30.470.20|2.40.50.100|3.90.226.10|2.40.460.10|3.90.226.10
Q13162	1	CATH/Gene3D	True	3.40.30.10
Q13232	1	CATH/Gene3D	True	3.30.70.141
Q13268	1	CATH/Gene3D	True	3.40.50.720
Q13323	1	Chainsaw_v3	True	9-159
Q13405	1	CATH/Gene3D	True	3.30.780.10
Q13423	3	CATH/Gene3D	True	3.40.50.720|3.40.50.720|3.40.50.1220
Q13472	5	CATH/Gene3D	True	3.40.50.140|1.10.460.10|2.70.20.10|1.10.290.10|3.30.65.10
Q13505	1	CATH/Gene3D	True	1.20.1050.10
Q13686	1	CATH/Gene3D	True	2.60.120.590
Q13794	1	Chainsaw_v3	True	
Q13825	2	CATH/Gene3D	True	3.90.226.10|1.10.12.10
Q13907	1	CATH/Gene3D	True	3.90.79.10
Q14061	1	CATH/Gene3D	True	1.10.287.1130
Q14154	1	CATH/Gene3D	True	1.25.40.10
Q14197	1	CATH/Gene3D	True	3.30.160.20
Q14249	1	CATH/Gene3D	True	3.40.570.10
Q14296	3	Chainsaw_v3	True	32-187,203-381,391-540
Q14318	2	CATH/Gene3D	True	3.10.50.40|1.25.40.10
Q14596	4	CATH/Gene3D	True	3.10.20.90|3.30.60.90|2.60.40.10|1.10.8.10
Q14790	3	CATH/Gene3D	True	1.10.533.10|1.10.533.10|3.40.50.1460
Q14CZ7	2	Chainsaw_v3	True	2-30_520-653,85-516
Q15031	4	CATH/Gene3D	True	1.10.730.10|3.40.50.620|3.40.50.620|1.10.730.10
Q15046	2	CATH/Gene3D	True	2.40.50.140|3.30.930.10
Q15070	2	Chainsaw_v3	True	97-354,361-432
Q15118	2	CATH/Gene3D	True	1.20.140.20|3.30.565.10
Q15119	2	CATH/Gene3D	True	1.20.140.20|3.30.565.10
Q15120	2	CATH/Gene3D	True	1.20.140.20|3.30.565.10
Q15388	1	CATH/Gene3D	True	1.20.960.10
Q15390	2	Chainsaw_v3	True	1-172,207-316
Q15526	2	Chainsaw_v3	True	46-99_268-295,103-252
Q15785	2	CATH/Gene3D	True	1.25.40.10|1.25.40.10
Q16134	3	CATH/Gene3D	True	3.50.50.60|3.30.9.90|3.30.70.20
Q16526	4	CATH/Gene3D	True	3.40.50.620|1.25.40.80|1.25.40.80|1.10.579.10
Q16540	1	CATH/Gene3D	True	3.30.70.330
Q16548	1	CATH/Gene3D	True	1.10.437.10
Q16595	1	CATH/Gene3D	True	3.30.920.10
Q16611	1	CATH/Gene3D	True	1.10.437.10
Q16635	1	Chainsaw_v3	True	15-257
Q16654	2	CATH/Gene3D	True	1.20.140.20|3.30.565.10
Q16698	1	CATH/Gene3D	True	3.40.50.720
Q16718	1	Chainsaw_v3	True	20-97
Q16740	1	CATH/Gene3D	True	3.90.226.10
Q16762	2	CATH/Gene3D	True	3.40.250.10|3.40.250.10
Q16774	1	CATH/Gene3D	True	3.40.50.300
Q16775	1	CATH/Gene3D	True	3.60.15.10
Q16795	1	CATH/Gene3D	True	3.40.50.720
Q16798	2	CATH/Gene3D	True	3.40.50.10380|3.40.50.720
Q16822	3	CATH/Gene3D	True	3.40.449.10|2.170.8.10|3.90.228.20
Q16836	2	CATH/Gene3D	True	3.40.50.720|1.10.1040.10
Q16854	1	CATH/Gene3D	True	3.40.50.300
Q16881	4	CATH/Gene3D	True	3.40.30.10|3.50.50.60|3.50.50.60|3.30.390.30
Q16891	3	Chainsaw_v3	True	58-90,199-538,539-754
Q2M3C7	3	Chainsaw_v3	True	42-202_1599-1699,384-574_863-1168,606-731
Q2QL34	1	Chainsaw_v3	True	4-191
Q2VYF4	2	Chainsaw_v3	True	6-207,208-392
Q32NB8	2	CATH/Gene3D	True	3.30.870.10|3.30.870.10
Q32P41	2	CATH/Gene3D	True	3.30.300.110|3.40.50.150
Q330K2	1	CATH/Gene3D	True	1.10.600.10
Q3KQZ1	1	CATH/Gene3D	True	1.50.40.10
Q3MIX3	3	Chainsaw_v3	True	7-175_240-243,179-239_244-380,386-578
Q3SXM5	1	CATH/Gene3D	True	3.40.50.720
Q3SY17	1	CATH/Gene3D	True	1.50.40.10
Q3SY69	5	CATH/Gene3D	True	3.40.50.170|3.10.25.10|1.10.1200.10|3.40.605.10|3.40.309.10
Q3ZCQ8	1	CATH/Gene3D	True	3.40.50.1000
Q46851	1	CATH/Gene3D	True	3.20.20.100
Q49AM1	1	CATH/Gene3D	True	1.25.70.10
Q49B96	1	Chainsaw_v3	True	30-81
Q4G0I0	1	Chainsaw_v3	True	64-109
Q4G0N4	2	CATH/Gene3D	True	3.40.50.10330|2.60.200.30
Q4G176	2	CATH/Gene3D	True	3.40.50.12780|3.30.300.30
Q4J6C6	2	CATH/Gene3D	True	3.40.50.1820|2.130.10.120
Q4U2R6	2	Chainsaw_v3	True	8-62,70-123
Q4VC31	1	Chainsaw_v3	True	13-135
Q53FZ2	2	CATH/Gene3D	True	3.40.50.12780|3.30.300.30
Q53H12	1	CATH/Gene3D	True	3.40.50.10330
Q53H82	2	CATH/Gene3D	True	3.60.15.10|1.10.10.10
Q53R41	4	Chainsaw_v3	True	39-165,171-490,491-689,690-840
Q53S33	1	CATH/Gene3D	True	3.30.300.90
Q53S58	2	Chainsaw_v3	True	4-33_163-306,34-162
Q567V2	1	Chainsaw_v3	True	1-187
Q56VL3	1	Chainsaw_v3	True	29-149
Q5BKU9	1	Chainsaw_v3	True	82-145
Q5EBM0	1	CATH/Gene3D	True	3.40.50.300
Q5H9E4	1	CATH/Gene3D	True	1.50.40.10
Q5HYI7	2	Chainsaw_v3	True	5-76,86-242
Q5HYK3	1	CATH/Gene3D	True	3.40.50.150
Q5JPH6	2	CATH/Gene3D	True	3.40.50.620|1.10.10.350
Q5JRX3	4	CATH/Gene3D	True	3.30.830.10|3.30.830.10|3.30.830.10|3.30.830.10
Q5JTJ3	1	CATH/Gene3D	True	1.10.10.140
Q5JTZ9	4	CATH/Gene3D	True	3.30.930.10|2.40.30.130|3.30.980.10|3.10.310.40
Q5RI15	1	Chainsaw_v3	True	28-116
Q5SQH8	1	Chainsaw_v3	True	98-281
Q5ST30	5	CATH/Gene3D	True	3.40.50.620|3.90.740.10|3.90.740.10|3.40.50.620|1.10.730.10
Q5SVS4	1	CATH/Gene3D	True	1.50.40.10
Q5SXM8	1	Chainsaw_v3	True	68-131
Q5T160	3	CATH/Gene3D	True	3.30.1360.70|3.40.50.620|1.10.730.10
Q5T1C6	1	CATH/Gene3D	True	3.10.129.10
Q5T2R2	1	CATH/Gene3D	True	1.10.600.10
Q5T440	1	CATH/Gene3D	True	3.30.1360.120
Q5T653	2	CATH/Gene3D	True	2.40.50.140|2.30.30.30
Q5T9A4	1	CATH/Gene3D	True	3.40.50.300
Q5TC12	2	Chainsaw_v3	True	65-107,114-325
Q5TEU4	1	CATH/Gene3D	True	3.40.50.150
Q5TGZ0	1	Chainsaw_v3	True	3-63
Q5THJ4	1	CATH/Gene3D	True	1.10.8.10
Q5U5X0	1	Chainsaw_v3	True	3-76
Q5VT66	2	Chainsaw_v3	True	46-86_191-334,89-182
Q5VTE6	1	CATH/Gene3D	True	3.60.10.10
Q5VUM1	1	Chainsaw_v3	True	
Q5VWZ2	1	CATH/Gene3D	True	3.40.50.1820
Q5XKP0	1	Chainsaw_v3	True	1-115
Q68CK6	2	CATH/Gene3D	True	3.40.50.12780|3.30.300.30
Q6DKK2	1	CATH/Gene3D	True	1.25.40.10
Q6IAN0	1	CATH/Gene3D	True	3.40.50.720
Q6IB77	1	CATH/Gene3D	True	3.40.630.30
Q6IN84	2	CATH/Gene3D	True	3.30.1330.30|3.40.1280.10
Q6IPR1	1	Chainsaw_v3	True	2-84
Q6J4K2	2	CATH/Gene3D	True	1.20.1420.30|1.20.1420.30
Q6JQN1	7	CATH/Gene3D	True	3.40.50.1000|1.10.150.240|3.30.200.20|3.90.1200.10|1.10.540.10|2.40.110.10|1.20.140.10
Q6KCM7	3	CATH/Gene3D	True	1.10.238.10|1.10.238.10|1.50.40.10
Q6L8Q7	1	CATH/Gene3D	True	3.60.10.10
Q6NUI2	3	Chainsaw_v3	True	56-457,462-545_685-791,547-684
Q6NUK1	3	CATH/Gene3D	True	1.10.238.10|1.10.238.10|1.50.40.10
Q6NUN0	2	CATH/Gene3D	True	3.40.50.12780|3.30.300.30
Q6NVY1	1	CATH/Gene3D	True	3.90.226.10
Q6P087	1	CATH/Gene3D	True	3.30.2350.10
Q6P161	1	Chainsaw_v3	True	65-134
Q6P1L8	1	CATH/Gene3D	True	2.40.150.20
Q6P1Q0	2	Chainsaw_v3	True	49-170,173-352
Q6P1S2	1	CATH/Gene3D	True	2.40.50.90
Q6P1X6	2	Chainsaw_v3	True	22-107,113-213
Q6P444	2	Chainsaw_v3	True	1-44,273-322
Q6P4A7	2	Chainsaw_v3	True	27-94,106-334
Q6P4F2	1	CATH/Gene3D	True	3.10.20.30
Q6P4H8	1	CATH/Gene3D	True	3.40.50.150
Q6P587	1	CATH/Gene3D	True	3.90.850.10
Q6PI48	3	CATH/Gene3D	True	2.40.50.140|3.30.930.10|3.30.1360.30
Q6PI78	1	Chainsaw_v3	True	69-238
Q6PIV7	1	CATH/Gene3D	True	1.50.40.10
Q6PML9	2	CATH/Gene3D	True	3.90.530.10|1.20.1510.10
Q6Q0C1	2	CATH/Gene3D	True	1.50.40.10|1.50.40.10
Q6UB28	1	CATH/Gene3D	True	3.90.230.10
Q6UB35	6	CATH/Gene3D	True	3.40.50.10860|3.40.50.720|3.40.50.300|1.10.8.770|3.40.50.300|3.10.410.10
Q6UW68	1	Chainsaw_v3	True	1-187
Q6UW78	1	Chainsaw_v3	True	1-76
Q6UWS5	1	Chainsaw_v3	True	
Q6UXN7	1	CATH/Gene3D	True	1.20.960.10
Q6UXV4	1	Chainsaw_v3	True	38-190
Q6YFQ2	1	CATH/Gene3D	True	1.10.10.140
Q6YN16	2	CATH/Gene3D	True	3.40.50.720|3.30.1050.10
Q6YP21	2	CATH/Gene3D	True	3.90.1150.10|3.40.640.10
Q6ZT89	1	CATH/Gene3D	True	1.50.40.10
Q709F0	5	CATH/Gene3D	True	3.30.200.20|3.90.1200.10|1.10.540.10|2.40.110.10|1.20.140.10
Q70CQ3	1	CATH/Gene3D	True	3.90.70.10
Q70HW3	1	CATH/Gene3D	True	1.50.40.10
Q7KZF4	6	CATH/Gene3D	True	2.40.50.90|2.40.50.90|2.40.50.90|2.40.50.90|2.40.50.90|2.30.30.140
Q7KZN9	1	Chainsaw_v3	True	63-405
Q7L0Y3	1	CATH/Gene3D	True	3.40.1280.30
Q7L2E3	5	CATH/Gene3D	True	3.30.160.20|3.30.160.20|3.40.50.300|3.40.50.300|1.20.120.1080
Q7L311	1	CATH/Gene3D	True	1.25.10.10
Q7L3T8	2	CATH/Gene3D	True	3.30.930.10|3.40.50.800
Q7L3V2	1	Chainsaw_v3	True	15-227
Q7L4E1	2	Chainsaw_v3	True	6-40_312-568,170-268
Q7L4S7	1	Chainsaw_v3	True	3-287
Q7L592	1	CATH/Gene3D	True	3.40.50.12710
Q7L8L6	2	Chainsaw_v3	True	112-524,535-762
Q7Z2W9	1	Chainsaw_v3	True	69-200
Q7Z3D6	3	CATH/Gene3D	True	3.40.1640.10|3.30.2040.10|3.90.1640.20
Q7Z434	1	CATH/Gene3D	True	1.10.533.10
Q7Z4L0	1	CATH/Gene3D	True	4.10.81.10
Q7Z4W1	1	CATH/Gene3D	True	3.40.50.720
Q7Z5L4	1	Chainsaw_v3	True	1-158
Q7Z695	3	Chainsaw_v3	True	36-168,179-240_296-491,497-619
Q7Z6M4	1	CATH/Gene3D	True	1.25.70.10
Q7Z7F7	1	CATH/Gene3D	True	6.20.130.20
Q7Z7H8	1	CATH/Gene3D	True	3.30.70.1730
Q7Z7K0	1	Chainsaw_v3	True	5-91
Q86SX6	1	CATH/Gene3D	True	3.40.30.10
Q86TS9	1	Chainsaw_v3	True	19-107
Q86TW2	1	CATH/Gene3D	True	1.10.510.10
Q86U28	1	CATH/Gene3D	True	2.60.300.12
Q86U90	1	CATH/Gene3D	True	3.90.870.10
Q86UA3	0	none	False	
Q86UT6	2	CATH/Gene3D	True	3.40.50.300|3.80.10.10
Q86UY8	1	CATH/Gene3D	True	3.40.50.1000
Q86VD7	1	CATH/Gene3D	True	1.50.40.10
Q86VU5	1	CATH/Gene3D	True	3.40.50.150
Q86WA6	1	CATH/Gene3D	True	3.40.50.1820
Q86WU2	5	CATH/Gene3D	True	3.30.43.10|3.30.465.10|3.30.70.2190|3.30.70.2740|1.10.45.10
Q86WW8	1	Chainsaw_v3	True	15-69
Q86X67	2	CATH/Gene3D	True	3.90.79.20|3.90.79.10
Q86X76	1	CATH/Gene3D	True	3.60.110.10
Q86XE3	2	CATH/Gene3D	True	1.10.238.10|1.10.238.10
Q86XE5	1	CATH/Gene3D	True	3.20.20.70
Q86Y39	1	Chainsaw_v3	True	1-131
Q86Y79	1	CATH/Gene3D	True	3.40.50.1470
Q86YB7	2	CATH/Gene3D	True	3.90.226.10|1.10.12.10
Q86YH6	1	CATH/Gene3D	True	1.10.600.10
Q8IUA7	2	CATH/Gene3D	True	3.40.50.300|3.40.50.300
Q8IUX1	1	Chainsaw_v3	True	61-229
Q8IVH4	3	CATH/Gene3D	True	1.20.5.170|3.40.50.300|1.10.287.130
Q8IVP5	1	Chainsaw_v3	True	20-154
Q8IVS2	2	CATH/Gene3D	True	3.40.366.10|3.30.70.250
Q8IVS8	2	CATH/Gene3D	True	3.40.50.10180|3.40.1480.10
Q8IW45	1	CATH/Gene3D	True	3.40.1190.20
Q8IWA4	2	CATH/Gene3D	True	3.40.50.300|1.20.5.110
Q8IWL3	2	CATH/Gene3D	True	1.10.287.110|1.20.1280.20
Q8IWW8	2	CATH/Gene3D	True	3.40.50.1970|1.20.1090.10
Q8IXI1	4	CATH/Gene3D	True	3.40.50.300|1.10.238.10|1.10.238.10|3.40.50.300
Q8IXI2	4	CATH/Gene3D	True	3.40.50.300|1.10.238.10|1.10.238.10|3.40.50.300
Q8IXL7	1	CATH/Gene3D	True	2.170.150.20
Q8IXM3	2	Chainsaw_v3	True	3-56,88-117
Q8IXQ9	1	CATH/Gene3D	True	3.40.50.150
Q8IYB8	5	CATH/Gene3D	True	1.10.1740.140|1.20.272.40|3.40.50.300|3.40.50.300|1.20.58.1080
Q8IYQ7	4	CATH/Gene3D	True	3.40.50.300|3.90.1380.10|3.40.50.1100|3.40.50.1100
Q8IYU8	2	CATH/Gene3D	True	1.10.238.10|1.10.238.10
Q8N0U4	1	CATH/Gene3D	True	2.160.20.120
Q8N0V3	1	CATH/Gene3D	True	3.30.300.20
Q8N0X4	1	CATH/Gene3D	True	3.20.20.60
Q8N0Z8	2	CATH/Gene3D	True	3.30.70.580|3.30.70.660
Q8N159	2	CATH/Gene3D	True	3.40.1160.10|3.40.630.30
Q8N183	1	Chainsaw_v3	True	2-120
Q8N1Q8	1	CATH/Gene3D	True	3.10.129.10
Q8N2A8	1	CATH/Gene3D	True	3.30.870.10
Q8N2F6	2	CATH/Gene3D	True	1.25.10.10|1.25.10.10
Q8N3J2	2	Chainsaw_v3	True	10-13_190-462,102-172
Q8N3J5	1	CATH/Gene3D	True	3.60.40.10
Q8N3R3	2	Chainsaw_v3	True	29-144,190-486
Q8N3Z0	1	CATH/Gene3D	True	2.40.10.10
Q8N413	1	CATH/Gene3D	True	1.50.40.10
Q8N442	5	CATH/Gene3D	True	3.40.50.300|2.40.30.10|3.30.70.870|3.30.70.240|3.30.70.2570
Q8N465	5	CATH/Gene3D	True	3.30.43.10|3.30.465.10|3.30.70.2190|3.30.70.2740|1.10.45.10
Q8N490	1	CATH/Gene3D	True	3.60.15.10
Q8N4E7	1	CATH/Gene3D	True	1.20.1260.10
Q8N4H5	1	Chainsaw_v3	True	
Q8N4Q0	2	CATH/Gene3D	True	3.90.180.10|3.40.50.720
Q8N4Q1	1	CATH/Gene3D	True	1.10.287.2900
Q8N4T8	1	CATH/Gene3D	True	3.40.50.720
Q8N573	1	CATH/Gene3D	True	3.10.350.10
Q8N5G0	1	Chainsaw_v3	True	3-51
Q8N5M1	2	CATH/Gene3D	True	3.30.2180.10|1.10.3580.10
Q8N5N7	1	Chainsaw_v3	True	65-131
Q8N5S1	1	CATH/Gene3D	True	1.50.40.10
Q8N5Z0	1	CATH/Gene3D	True	3.40.640.10
Q8N8Q8	2	Chainsaw_v3	True	51-110_166-330,111-163
Q8N8R3	1	CATH/Gene3D	True	1.50.40.10
Q8N8R5	1	Chainsaw_v3	True	47-208_249-383
Q8N945	1	Chainsaw_v3	True	2-183
Q8N983	1	CATH/Gene3D	True	3.40.30.10
Q8N9F0	1	CATH/Gene3D	True	3.40.630.30
Q8NAN2	3	Chainsaw_v3	True	44-94,206-287,352-617
Q8NBN7	1	CATH/Gene3D	True	3.40.50.720
Q8NBU5	2	CATH/Gene3D	True	3.40.50.300|1.10.8.60
Q8NC60	1	CATH/Gene3D	True	3.40.50.300
Q8NCN5	5	CATH/Gene3D	True	3.50.50.60|3.30.9.10|3.30.1360.120|3.30.70.1400|2.40.30.110
Q8NCW5	1	CATH/Gene3D	True	3.40.50.10260
Q8NE22	1	CATH/Gene3D	True	2.170.270.10
Q8NE62	2	CATH/Gene3D	True	3.50.50.60|3.30.560.10
Q8NE86	2	Chainsaw_v3	True	76-160,170-335
Q8NFF5	2	CATH/Gene3D	True	3.40.980.10|3.40.50.620
Q8NFU3	1	CATH/Gene3D	True	3.40.250.10
Q8NFV4	1	CATH/Gene3D	True	3.40.50.1820
Q8NI37	1	CATH/Gene3D	True	3.60.40.10
Q8NI60	3	Chainsaw_v3	True	1-66_200-301,302-505,511-646
Q8TAA5	2	CATH/Gene3D	True	3.90.20.20|2.30.22.10
Q8TAE8	1	CATH/Gene3D	True	6.10.280.120
Q8TB22	3	CATH/Gene3D	True	3.40.30.10|1.50.10.10|1.50.10.10
Q8TB36	2	CATH/Gene3D	True	3.40.30.10|1.20.1050.10
Q8TB37	1	CATH/Gene3D	True	3.40.50.300
Q8TBP6	1	CATH/Gene3D	True	1.50.40.10
Q8TCC3	1	CATH/Gene3D	True	3.30.1390.20
Q8TCG5	3	CATH/Gene3D	True	6.10.250.1760|3.30.559.10|3.30.559.70
Q8TCS8	5	CATH/Gene3D	True	3.30.230.70|1.10.10.400|3.30.230.70|3.30.1370.10|2.40.50.140
Q8TD22	2	Chainsaw_v3	True	2-94,105-337
Q8TD30	3	CATH/Gene3D	True	3.90.1150.10|1.10.287.1970|3.40.640.10
Q8TDB4	1	Chainsaw_v3	True	
Q8TF08	1	CATH/Gene3D	True	4.10.51.10
Q8WUD6	1	CATH/Gene3D	True	1.20.120.1760
Q8WUK0	1	CATH/Gene3D	True	3.90.190.10
Q8WUT9	1	CATH/Gene3D	True	1.50.40.10
Q8WV60	1	CATH/Gene3D	True	1.25.40.10
Q8WV74	1	CATH/Gene3D	True	3.90.79.10
Q8WV93	1	CATH/Gene3D	True	3.40.50.300
Q8WVC6	1	CATH/Gene3D	True	3.40.50.300
Q8WVM0	2	CATH/Gene3D	True	3.40.50.150|1.10.8.100
Q8WW59	1	CATH/Gene3D	True	2.60.120.920
Q8WWC4	1	Chainsaw_v3	True	118-287
Q8WWR8	2	CATH/Gene3D	True	2.120.10.10|2.120.10.10
Q8WWV3	2	CATH/Gene3D	True	3.90.180.10|3.40.50.720
Q8WXI4	3	CATH/Gene3D	True	3.10.129.10|3.10.129.10|3.30.530.20
Q8WYQ3	1	Chainsaw_v3	True	102-136
Q92506	1	CATH/Gene3D	True	3.40.50.720
Q92523	3	CATH/Gene3D	True	6.10.250.1760|3.30.559.10|3.30.559.70
Q92552	1	CATH/Gene3D	True	1.25.40.10
Q92665	2	Chainsaw_v3	True	153-307,323-390
Q92667	3	CATH/Gene3D	True	3.30.1370.10|2.40.50.90|2.30.30.140
Q92843	1	CATH/Gene3D	True	1.10.437.10
Q92934	1	Chainsaw_v3	True	102-159
Q92947	3	CATH/Gene3D	True	1.10.540.10|2.40.110.10|1.20.140.10
Q969G6	1	CATH/Gene3D	True	2.40.30.30
Q969M1	1	CATH/Gene3D	True	2.40.160.10
Q969P6	4	CATH/Gene3D	True	2.170.11.10|1.10.10.41|3.90.15.10|1.10.132.10
Q969Q5	1	CATH/Gene3D	True	3.40.50.300
Q969S9	5	CATH/Gene3D	True	3.40.50.300|2.40.30.10|3.30.70.870|3.30.230.10|3.30.70.240
Q969V5	1	CATH/Gene3D	True	3.30.40.10
Q969Y2	3	CATH/Gene3D	True	3.30.1360.120|1.20.120.430|3.40.50.300
Q969Z0	2	Chainsaw_v3	True	71-464,482-630
Q969Z3	2	Chainsaw_v3	True	51-61_199-201_205-334,62-198_202-204
Q96A26	1	Chainsaw_v3	True	4-152
Q96A35	1	CATH/Gene3D	True	2.30.30.30
Q96A46	2	CATH/Gene3D	True	1.50.40.10|1.50.40.10
Q96AB3	1	CATH/Gene3D	True	3.40.50.850
Q96AG3	2	CATH/Gene3D	True	1.50.40.10|1.50.40.10
Q96AN5	3	Chainsaw_v3	True	44-272_346-354,275-345,355-427
Q96AQ8	1	CATH/Gene3D	True	1.20.5.340
Q96AY3	5	CATH/Gene3D	True	3.10.50.40|3.10.50.40|3.10.50.40|3.10.50.40|1.10.238.10
Q96B49	1	Chainsaw_v3	True	22-64
Q96B77	2	Chainsaw_v3	True	57-128,129-206
Q96BP2	1	Chainsaw_v3	True	46-110
Q96BQ5	1	Chainsaw_v3	True	125-259
Q96BR5	1	CATH/Gene3D	True	1.25.40.10
Q96BW9	2	Chainsaw_v3	True	1-143,147-342
Q96C01	1	Chainsaw_v3	True	1-137
Q96C03	2	CATH/Gene3D	True	1.10.1410.40|3.30.460.90
Q96C36	2	CATH/Gene3D	True	3.40.50.720|1.10.3730.10
Q96CB9	2	CATH/Gene3D	True	6.20.240.40|3.40.50.150
Q96CM3	1	CATH/Gene3D	True	3.30.2350.10
Q96CM8	4	CATH/Gene3D	True	3.40.50.980|3.40.50.980|2.30.38.10|3.30.300.30
Q96CQ1	1	CATH/Gene3D	True	1.50.40.10
Q96CU9	2	CATH/Gene3D	True	3.50.50.60|3.30.9.10
Q96D53	3	Chainsaw_v3	True	88-334_373-375,340-372_376-384,390-523
Q96DA6	1	CATH/Gene3D	True	1.10.287.110
Q96DB5	1	CATH/Gene3D	True	1.25.40.10
Q96DC8	2	CATH/Gene3D	True	3.90.226.10|1.10.12.10
Q96DP5	1	CATH/Gene3D	True	3.40.50.12230
Q96DU9	4	CATH/Gene3D	True	3.30.70.330|3.30.70.330|3.30.70.330|3.30.70.330
Q96DV4	1	CATH/Gene3D	True	3.90.280.10
Q96DW6	2	CATH/Gene3D	True	1.50.40.10|1.50.40.10
Q96E11	2	CATH/Gene3D	True	1.10.132.20|3.30.1360.40
Q96E29	1	CATH/Gene3D	True	1.25.70.10
Q96E52	1	CATH/Gene3D	True	3.30.2010.10
Q96EH3	1	CATH/Gene3D	True	3.30.460.10
Q96EL2	1	Chainsaw_v3	True	51-166
Q96EL3	1	CATH/Gene3D	True	3.40.30.10
Q96ER9	2	Chainsaw_v3	True	49-195,196-408
Q96EY1	4	CATH/Gene3D	True	1.10.287.110|2.60.260.20|2.10.230.10|2.60.260.20
Q96EY7	2	CATH/Gene3D	True	1.25.40.10|1.25.40.10
Q96EY8	1	CATH/Gene3D	True	1.20.1200.10
Q96GA7	2	CATH/Gene3D	True	3.40.50.1100|3.40.50.1100
Q96GC5	1	CATH/Gene3D	True	3.30.70.600
Q96GE9	1	Chainsaw_v3	True	38-106
Q96GJ1	2	CATH/Gene3D	True	3.40.50.150|2.40.50.1070
Q96GK7	1	CATH/Gene3D	True	3.90.850.10
Q96GW9	3	CATH/Gene3D	True	3.40.50.620|2.170.220.10|1.10.730.10
Q96H55	6	CATH/Gene3D	True	3.40.850.10|1.10.10.820|1.20.120.720|1.20.58.530|1.20.5.4820|1.20.5.190
Q96H78	2	CATH/Gene3D	True	1.50.40.10|1.50.40.10
Q96H96	1	CATH/Gene3D	True	1.10.357.140
Q96HP4	2	CATH/Gene3D	True	2.40.30.10|3.40.50.80
Q96HS1	1	CATH/Gene3D	True	3.40.50.1240
Q96HY7	4	CATH/Gene3D	True	1.10.287.1150|3.40.50.970|3.40.50.12470|3.40.50.11610
Q96I23	1	CATH/Gene3D	True	2.20.25.10
Q96I36	1	Chainsaw_v3	True	
Q96I51	2	CATH/Gene3D	True	2.130.10.30|2.130.10.30
Q96I59	2	CATH/Gene3D	True	2.40.50.140|3.30.930.10
Q96I99	3	CATH/Gene3D	True	3.30.470.20|3.30.1490.20|3.40.50.261
Q96IL0	1	Chainsaw_v3	True	15-205
Q96IR7	2	CATH/Gene3D	True	3.10.180.10|3.10.180.10
Q96IX5	1	Chainsaw_v3	True	4-47
Q96JX3	2	CATH/Gene3D	True	1.25.10.10|3.40.50.1820
Q96KF7	1	Chainsaw_v3	True	32-91
Q96KJ9	1	CATH/Gene3D	True	1.10.442.10
Q96KR6	1	Chainsaw_v3	True	85-182
Q96LJ7	1	CATH/Gene3D	True	3.40.50.720
Q96LL9	1	CATH/Gene3D	True	1.10.287.110
Q96LU5	1	CATH/Gene3D	True	2.10.109.10
Q96LW4	4	Chainsaw_v3	True	42-91,99-208_223-344,378-473,519-558
Q96MF6	1	CATH/Gene3D	True	3.30.530.20
Q96N28	1	Chainsaw_v3	True	2-170
Q96NB2	3	Chainsaw_v3	True	20-76,88-284,289-319
Q96ND0	1	CATH/Gene3D	True	6.10.140.1430
Q96NN9	4	CATH/Gene3D	True	2.102.10.10|3.50.50.60|3.50.50.60|3.30.390.30
Q96PE7	1	CATH/Gene3D	True	3.10.180.10
Q96PG8	1	Chainsaw_v3	True	
Q96PN6	3	CATH/Gene3D	True	3.30.70.1230|3.30.70.1230|3.40.50.300
Q96Q11	2	CATH/Gene3D	True	3.30.460.10|1.10.3090.10
Q96QE5	1	CATH/Gene3D	True	3.30.420.10
Q96QU6	2	CATH/Gene3D	True	3.90.1150.10|3.40.640.10
Q96RP9	5	CATH/Gene3D	True	3.40.50.300|2.40.30.10|3.30.70.870|3.30.230.10|3.30.70.240
Q96RQ3	3	CATH/Gene3D	True	3.30.470.20|3.30.700.40|2.40.50.100
Q96RR1	2	CATH/Gene3D	True	3.40.1360.10|3.40.50.300
Q96ST8	1	Chainsaw_v3	True	51-700
Q96SZ6	2	CATH/Gene3D	True	3.40.50.12160|3.80.30.20
Q96T52	1	CATH/Gene3D	True	2.10.109.10
Q96T66	1	CATH/Gene3D	True	3.40.50.620
Q96TA2	3	CATH/Gene3D	True	3.40.50.300|1.10.8.60|1.20.58.760
Q96TC7	1	CATH/Gene3D	True	1.25.40.10
Q99390	2	CATH/Gene3D	True	3.40.50.1820|1.10.10.800
Q99497	1	CATH/Gene3D	True	3.40.50.880
Q99551	2	CATH/Gene3D	True	1.25.70.10|1.25.70.10
Q99595	1	Chainsaw_v3	True	10-140
Q99623	1	CATH/Gene3D	True	3.30.479.30
Q99643	2	CATH/Gene3D	True	1.20.5.540|1.20.1300.10
Q99714	1	CATH/Gene3D	True	3.40.50.720
Q99757	1	CATH/Gene3D	True	3.40.30.10
Q99766	1	CATH/Gene3D	True	3.80.10.10
Q99797	3	CATH/Gene3D	True	1.10.1370.40|1.10.1370.10|3.40.390.10
Q99798	4	CATH/Gene3D	True	3.30.499.10|3.40.1060.10|3.30.499.10|3.20.19.10
Q99807	1	Chainsaw_v3	True	46-215
Q9BPW8	2	CATH/Gene3D	True	3.30.70.100|3.30.70.100
Q9BPX6	2	CATH/Gene3D	True	1.10.238.10|1.10.238.10
Q9BQ48	1	CATH/Gene3D	True	1.10.287.3980
Q9BQ52	2	CATH/Gene3D	True	3.60.15.10|3.60.15.10
Q9BQ69	1	CATH/Gene3D	True	3.40.220.10
Q9BQ95	2	Chainsaw_v3	True	69-208,223-393
Q9BQC6	1	Chainsaw_v3	True	1-95
Q9BQD7	1	CATH/Gene3D	True	3.40.50.150
Q9BQP7	1	CATH/Gene3D	True	3.90.320.10
Q9BQT8	2	CATH/Gene3D	True	1.50.40.10|1.50.40.10
Q9BRQ6	2	Chainsaw_v3	True	13-187,198-233
Q9BRQ8	1	CATH/Gene3D	True	3.50.50.100
Q9BRT2	2	Chainsaw_v3	True	2-71,85-115
Q9BRX8	1	Chainsaw_v3	True	46-218
Q9BS92	2	CATH/Gene3D	True	3.30.70.100|3.30.70.100
Q9BSE5	1	CATH/Gene3D	True	3.40.800.10
Q9BSF4	3	Chainsaw_v3	True	27-76,80-188,203-257
Q9BSH4	3	CATH/Gene3D	True	1.10.10.200|3.30.70.980|3.30.70.980
Q9BSH5	2	CATH/Gene3D	True	3.40.50.1000|1.10.150.720
Q9BSK2	2	CATH/Gene3D	True	1.50.40.10|1.50.40.10
Q9BSY4	2	CATH/Gene3D	True	1.10.287.2900|1.10.287.2900
Q9BT17	2	CATH/Gene3D	True	3.40.50.300|1.10.1580.10
Q9BT30	1	CATH/Gene3D	True	2.60.120.590
Q9BTZ2	1	CATH/Gene3D	True	3.40.50.720
Q9BU61	1	CATH/Gene3D	True	3.40.1230.10
Q9BUB7	1	Chainsaw_v3	True	75-236
Q9BUE6	1	CATH/Gene3D	True	2.60.300.12
Q9BUK0	1	CATH/Gene3D	True	1.10.287.1130
Q9BUP0	1	CATH/Gene3D	True	1.10.238.10
Q9BUP3	1	CATH/Gene3D	True	3.40.50.720
Q9BUR5	1	Chainsaw_v3	True	37-186
Q9BUT9	1	Chainsaw_v3	True	2-158
Q9BUV8	1	Chainsaw_v3	True	13-134
Q9BV35	3	CATH/Gene3D	True	1.10.238.10|1.10.238.10|1.50.40.10
Q9BV79	2	CATH/Gene3D	True	3.90.180.10|3.40.50.720
Q9BVL4	0	none	False	
Q9BVS5	2	CATH/Gene3D	True	3.10.330.20|3.40.50.150
Q9BVV7	1	CATH/Gene3D	True	3.10.450.320
Q9BW72	1	CATH/Gene3D	True	6.10.140.1320
Q9BW91	1	CATH/Gene3D	True	3.90.79.10
Q9BW92	4	CATH/Gene3D	True	3.10.20.30|3.30.980.10|3.30.930.10|3.40.50.800
Q9BWH2	1	Chainsaw_v3	True	27-188
Q9BWM7	3	Chainsaw_v3	True	20-76,88-284,289-318
Q9BX68	1	CATH/Gene3D	True	3.30.428.10
Q9BXK5	1	CATH/Gene3D	True	1.10.437.10
Q9BXM7	1	CATH/Gene3D	True	1.10.510.10
Q9BXR0	1	CATH/Gene3D	True	3.20.20.105
Q9BXW6	5	CATH/Gene3D	True	1.25.40.20|1.25.40.20|2.30.29.30|2.40.160.120|3.30.70.3490
Q9BXW7	2	CATH/Gene3D	True	3.40.50.1000|3.40.50.1000
Q9BYC2	2	CATH/Gene3D	True	3.40.1080.10|3.40.1080.10
Q9BYC8	2	Chainsaw_v3	True	14-99,116-176
Q9BYC9	1	CATH/Gene3D	True	1.10.1900.20
Q9BYD1	1	CATH/Gene3D	True	3.90.1180.10
Q9BYD2	1	CATH/Gene3D	True	3.40.5.10
Q9BYD3	1	CATH/Gene3D	True	3.40.1370.10
Q9BYD6	2	CATH/Gene3D	True	3.30.190.20|3.40.50.790
Q9BYN8	1	Chainsaw_v3	True	36-198
Q9BYT8	3	CATH/Gene3D	True	1.20.1050.40|1.10.1370.10|3.40.390.10
Q9BYV1	2	CATH/Gene3D	True	3.90.1150.10|3.40.640.10
Q9BYV7	1	Chainsaw_v3	True	55-578
Q9BYZ2	2	CATH/Gene3D	True	3.40.50.720|3.90.110.10
Q9BZ23	2	CATH/Gene3D	True	3.30.420.510|3.30.420.40
Q9BZE1	1	Chainsaw_v3	True	99-380_408-419
Q9BZJ4	2	CATH/Gene3D	True	1.50.40.10|1.50.40.10
Q9C002	1	Chainsaw_v3	True	3-82
Q9GZT3	1	CATH/Gene3D	True	3.30.70.330
Q9GZT6	1	CATH/Gene3D	True	1.20.5.340
Q9GZT8	2	CATH/Gene3D	True	3.40.1390.30|3.40.1390.30
Q9GZY4	1	Chainsaw_v3	True	42-134
Q9GZY8	1	Chainsaw_v3	True	
Q9H019	1	Chainsaw_v3	True	
Q9H061	1	Chainsaw_v3	True	1-186
Q9H078	4	CATH/Gene3D	True	1.25.40.20|1.25.40.20|3.40.50.300|1.10.8.60
Q9H0C2	1	CATH/Gene3D	True	1.50.40.10
Q9H0N5	1	CATH/Gene3D	True	3.30.1360.20
Q9H0R6	1	CATH/Gene3D	True	3.90.1300.10
Q9H0U6	1	CATH/Gene3D	True	3.30.420.80
Q9H1K1	1	CATH/Gene3D	True	3.90.1010.10
Q9H1K4	1	CATH/Gene3D	True	1.50.40.10
Q9H1U9	1	CATH/Gene3D	True	1.50.40.10
Q9H2D1	1	CATH/Gene3D	True	1.50.40.10
Q9H2K0	2	CATH/Gene3D	True	3.10.20.80|3.30.110.10
Q9H2U2	1	CATH/Gene3D	True	3.90.80.10
Q9H2W6	1	CATH/Gene3D	True	3.90.79.10
Q9H300	1	CATH/Gene3D	True	1.20.1540.10
Q9H3H1	3	CATH/Gene3D	True	3.40.50.300|1.10.20.140|3.30.160.60
Q9H3J6	1	CATH/Gene3D	True	3.30.160.20
Q9H3K2	1	Chainsaw_v3	True	72-342
Q9H3L0	2	Chainsaw_v3	True	10-27_140-294,63-122
Q9H4A6	1	CATH/Gene3D	True	1.10.3630.10
Q9H4B0	2	CATH/Gene3D	True	3.30.420.40|3.30.420.40
Q9H4I8	1	CATH/Gene3D	True	3.40.50.1820
Q9H4I9	1	Chainsaw_v3	True	
Q9H4K7	2	CATH/Gene3D	True	2.70.210.12|3.40.50.300
Q9H5Q4	1	CATH/Gene3D	True	3.40.50.150
Q9H611	2	CATH/Gene3D	True	3.40.50.300|3.40.50.300
Q9H649	2	CATH/Gene3D	True	6.20.240.40|3.40.50.150
Q9H6K4	1	Chainsaw_v3	True	4-164
Q9H6R3	2	CATH/Gene3D	True	3.40.50.12780|3.30.300.30
Q9H7H0	1	CATH/Gene3D	True	3.40.50.150
Q9H7Z7	3	CATH/Gene3D	True	3.40.30.10|6.20.200.30|1.20.1050.10
Q9H825	1	CATH/Gene3D	True	3.40.50.150
Q9H845	4	CATH/Gene3D	True	1.10.540.10|2.40.110.10|1.20.140.10|1.20.140.10
Q9H857	1	CATH/Gene3D	True	3.40.50.1000
Q9H8M1	1	CATH/Gene3D	True	3.30.530.20
Q9H903	2	CATH/Gene3D	True	3.40.50.720|3.40.50.10860
Q9H936	1	CATH/Gene3D	True	1.50.40.10
Q9H9B4	2	Chainsaw_v3	True	21-77,89-319
Q9H9J2	2	CATH/Gene3D	True	1.10.1520.10|3.30.160.20
Q9H9P8	2	CATH/Gene3D	True	3.50.50.60|3.30.9.10
Q9HA77	2	CATH/Gene3D	True	3.40.50.620|1.20.120.1910
Q9HA92	1	CATH/Gene3D	True	3.20.20.70
Q9HAC7	2	CATH/Gene3D	True	3.40.50.10540|3.30.1540.10
Q9HAV7	2	CATH/Gene3D	True	3.90.20.20|2.30.22.10
Q9HBH1	1	CATH/Gene3D	True	3.90.45.10
Q9HBH5	1	CATH/Gene3D	True	3.40.50.720
Q9HBL7	1	Chainsaw_v3	True	1-146
Q9HC21	1	CATH/Gene3D	True	1.50.40.10
Q9HC36	2	CATH/Gene3D	True	3.30.1330.30|3.40.1280.10
Q9HC38	2	CATH/Gene3D	True	3.10.180.10|3.10.180.10
Q9HCC0	2	CATH/Gene3D	True	3.90.226.10|3.90.226.10
Q9HCL2	4	Chainsaw_v3	True	72-479,484-577,578-717,718-824
Q9HD23	2	CATH/Gene3D	True	2.40.128.330|1.20.58.340
Q9HD33	1	CATH/Gene3D	True	6.10.330.20
Q9HD34	1	Chainsaw_v3	True	1-84
Q9HD36	1	CATH/Gene3D	True	1.10.437.10
Q9NNW7	3	CATH/Gene3D	True	3.50.50.60|3.50.50.60|3.30.390.30
Q9NNZ3	1	CATH/Gene3D	True	1.10.287.110
Q9NP58	2	CATH/Gene3D	True	1.20.1560.10|3.40.50.300
Q9NP80	1	CATH/Gene3D	True	3.40.1090.10
Q9NP81	2	CATH/Gene3D	True	1.10.287.40|3.30.930.10
Q9NP92	2	Chainsaw_v3	True	56-85,90-426
Q9NPB1	2	CATH/Gene3D	True	3.40.50.1000|1.10.40.40
Q9NPE2	1	Chainsaw_v3	True	
Q9NPH0	1	CATH/Gene3D	True	3.40.50.1240
Q9NPJ3	1	CATH/Gene3D	True	3.10.129.10
Q9NPL8	2	Chainsaw_v3	True	54-218,219-271
Q9NQ50	1	CATH/Gene3D	True	6.10.250.3440
Q9NQE9	1	CATH/Gene3D	True	3.30.428.10
Q9NQG6	2	CATH/Gene3D	True	1.10.1410.40|3.30.460.90
Q9NQH7	2	CATH/Gene3D	True	3.40.350.10|3.90.230.10
Q9NQR4	1	CATH/Gene3D	True	3.60.110.10
Q9NQZ5	1	CATH/Gene3D	True	3.30.530.20
Q9NR28	1	CATH/Gene3D	True	1.20.58.70
Q9NR77	1	Chainsaw_v3	True	2-193
Q9NRA0	2	CATH/Gene3D	True	3.40.50.10330|2.60.200.40
Q9NRD5	2	CATH/Gene3D	True	2.30.42.10|1.20.1270.60
Q9NRG7	1	CATH/Gene3D	True	3.40.50.720
Q9NRK6	2	CATH/Gene3D	True	1.20.1560.10|3.40.50.300
Q9NRN9	1	CATH/Gene3D	True	3.40.50.150
Q9NRP2	1	Chainsaw_v3	True	12-71
Q9NRP4	1	Chainsaw_v3	True	2-109
Q9NRV9	1	CATH/Gene3D	True	3.20.80.10
Q9NRX2	1	CATH/Gene3D	True	3.90.1030.10
Q9NRY6	1	Chainsaw_v3	True	77-282
Q9NRZ5	2	Chainsaw_v3	True	3-29_303-359,30-299
Q9NS18	1	CATH/Gene3D	True	3.40.30.10
Q9NS69	1	Chainsaw_v3	True	44-121
Q9NSE4	5	CATH/Gene3D	True	3.40.50.620|3.90.740.10|1.10.10.830|3.40.50.620|1.10.730.20
Q9NTG7	2	CATH/Gene3D	True	3.40.50.1220|3.30.1600.10
Q9NTX5	1	CATH/Gene3D	True	3.90.226.10
Q9NU23	1	Chainsaw_v3	True	13-86
Q9NUB1	2	CATH/Gene3D	True	3.40.50.12780|3.30.300.30
Q9NUJ1	1	CATH/Gene3D	True	3.40.50.1820
Q9NUL7	2	CATH/Gene3D	True	3.40.50.300|3.40.50.300
Q9NUQ2	1	Chainsaw_v3	True	12-363
Q9NUT2	2	CATH/Gene3D	True	1.20.1560.10|3.40.50.300
Q9NVA1	1	Chainsaw_v3	True	110-270
Q9NVH0	1	CATH/Gene3D	True	3.30.420.10
Q9NVH1	1	CATH/Gene3D	True	1.10.287.110
Q9NVH6	2	CATH/Gene3D	True	3.30.2020.30|3.60.130.10
Q9NVI7	1	CATH/Gene3D	True	3.40.50.300
Q9NVS2	1	CATH/Gene3D	True	4.10.640.10
Q9NVS9	1	CATH/Gene3D	True	2.30.110.10
Q9NVV4	2	CATH/Gene3D	True	3.30.460.10|1.10.1410.10
Q9NW81	1	CATH/Gene3D	True	3.80.10.10
Q9NWR8	2	Chainsaw_v3	True	61-145,155-334
Q9NWS8	2	Chainsaw_v3	True	158-309,310-448
Q9NWT8	1	Chainsaw_v3	True	55-180
Q9NWU1	2	CATH/Gene3D	True	3.40.47.10|3.40.47.10
Q9NWU5	1	CATH/Gene3D	True	3.90.470.10
Q9NWX6	1	CATH/Gene3D	True	3.30.70.3000
Q9NX14	1	Chainsaw_v3	True	66-146
Q9NX18	1	CATH/Gene3D	True	1.10.150.250
Q9NX20	1	CATH/Gene3D	True	3.90.1170.10
Q9NX36	1	CATH/Gene3D	True	1.10.287.110
Q9NX40	2	Chainsaw_v3	True	29-120,199-243
Q9NX47	1	CATH/Gene3D	True	3.30.40.10
Q9NX63	1	Chainsaw_v3	True	11-225
Q9NX74	2	CATH/Gene3D	True	3.20.20.70|3.30.160.20
Q9NXA8	2	CATH/Gene3D	True	3.40.50.1220|3.30.1600.10
Q9NXH9	3	CATH/Gene3D	True	3.40.50.150|3.30.56.70|4.10.1000.10
Q9NYJ1	1	Chainsaw_v3	True	24-86
Q9NYK5	2	CATH/Gene3D	True	3.10.20.30|3.30.980.10
Q9NYQ3	1	CATH/Gene3D	True	3.20.20.70
Q9NYY8	2	Chainsaw_v3	True	154-549,576-694
Q9NYZ2	2	CATH/Gene3D	True	1.50.40.10|1.50.40.10
Q9NZ45	1	CATH/Gene3D	True	3.40.5.90
Q9NZB8	2	CATH/Gene3D	True	3.20.20.70|3.30.70.640
Q9NZE8	1	CATH/Gene3D	True	4.10.410.60
Q9NZJ6	1	CATH/Gene3D	True	3.40.50.150
Q9NZJ7	1	CATH/Gene3D	True	1.50.40.10
Q9P015	1	CATH/Gene3D	True	3.100.10.10
Q9P032	2	Chainsaw_v3	True	34-67,93-155
Q9P0J0	1	Chainsaw_v3	True	32-139
Q9P0J1	1	CATH/Gene3D	True	3.60.40.10
Q9P0J6	1	Chainsaw_v3	True	67-102
Q9P0M9	1	CATH/Gene3D	True	2.40.50.100
Q9P0P8	1	Chainsaw_v3	True	132-234
Q9P0S2	1	Chainsaw_v3	True	4-103
Q9P0S9	1	CATH/Gene3D	True	1.10.10.1740
Q9P0U1	1	Chainsaw_v3	True	6-53
Q9P291	1	CATH/Gene3D	True	1.25.10.10
Q9P2J9	1	CATH/Gene3D	True	3.60.40.10
Q9P2R7	3	CATH/Gene3D	True	3.30.470.20|3.30.1490.20|3.40.50.261
Q9UBJ2	2	CATH/Gene3D	True	1.20.1560.10|3.40.50.300
Q9UBQ7	2	CATH/Gene3D	True	3.40.50.720|3.40.50.720
Q9UBX3	1	CATH/Gene3D	True	1.50.40.10
Q9UDR5	5	CATH/Gene3D	True	3.40.50.720|3.40.50.720|3.40.50.720|3.30.360.10|1.10.1870.10
Q9UDW1	1	CATH/Gene3D	True	1.20.5.260
Q9UDX5	1	Chainsaw_v3	True	18-156
Q9UF12	1	CATH/Gene3D	True	3.20.20.220
Q9UFN0	2	CATH/Gene3D	True	3.30.70.100|3.30.70.100
Q9UG56	2	Chainsaw_v3	True	66-170,186-408
Q9UGC7	3	CATH/Gene3D	True	6.10.140.1950|3.30.70.1660|3.30.160.20
Q9UGM6	2	CATH/Gene3D	True	3.40.50.620|1.10.240.10
Q9UH62	2	CATH/Gene3D	True	1.25.10.10|1.25.10.10
Q9UHK6	2	CATH/Gene3D	True	3.40.50.10540|3.30.1540.10
Q9UHN1	2	CATH/Gene3D	True	3.30.930.10|3.40.50.800
Q9UI09	1	Chainsaw_v3	True	2-91
Q9UI17	5	CATH/Gene3D	True	3.50.50.60|3.30.9.10|3.30.1360.120|3.30.70.1400|2.40.30.110
Q9UI32	3	CATH/Gene3D	True	1.10.238.210|3.40.710.10|1.25.40.20
Q9UI43	1	CATH/Gene3D	True	3.40.50.150
Q9UIF7	3	CATH/Gene3D	True	1.10.1670.10|1.10.340.30|3.90.79.10
Q9UII2	2	CATH/Gene3D	True	1.20.5.500|1.20.5.500
Q9UIJ7	1	CATH/Gene3D	True	3.40.50.300
Q9UJ68	1	CATH/Gene3D	True	3.30.1060.10
Q9UJA2	1	CATH/Gene3D	True	1.20.120.1760
Q9UJS0	3	CATH/Gene3D	True	1.10.238.10|1.10.238.10|1.50.40.10
Q9UJZ1	1	CATH/Gene3D	True	3.30.479.30
Q9UK39	1	CATH/Gene3D	True	3.60.10.10
Q9UKA2	2	CATH/Gene3D	True	3.80.10.10|3.80.10.10
Q9UKG9	3	CATH/Gene3D	True	1.10.275.20|3.30.559.70|3.30.559.10
Q9UKK9	1	CATH/Gene3D	True	3.90.79.10
Q9UKU0	1	CATH/Gene3D	True	3.40.50.12780
Q9UKU7	3	CATH/Gene3D	True	1.10.540.10|2.40.110.10|1.20.140.10
Q9UL12	5	CATH/Gene3D	True	3.50.50.60|3.30.9.10|3.30.1360.120|3.30.70.1400|2.40.30.110
Q9ULD0	4	CATH/Gene3D	True	1.10.287.1150|3.40.50.970|3.40.50.12470|3.40.50.11610
Q9UMS0	2	CATH/Gene3D	True	3.30.1370.70|3.30.300.130
Q9UMX3	1	CATH/Gene3D	True	1.10.437.10
Q9UQ90	4	CATH/Gene3D	True	3.40.1690.20|3.40.50.300|1.10.8.60|1.20.58.760
Q9Y234	2	CATH/Gene3D	True	3.30.930.10|3.30.390.50
Q9Y241	1	CATH/Gene3D	True	6.10.140.1320
Q9Y255	1	Chainsaw_v3	True	2-170
Q9Y276	1	CATH/Gene3D	True	3.40.50.300
Q9Y277	1	CATH/Gene3D	True	2.40.160.10
Q9Y291	2	Chainsaw_v3	True	6-50,55-104
Q9Y2C4	2	CATH/Gene3D	True	3.40.570.10|6.10.250.1250
Q9Y2D0	1	CATH/Gene3D	True	3.10.200.10
Q9Y2Q3	1	CATH/Gene3D	True	3.40.30.10
Q9Y2Q9	1	Chainsaw_v3	True	80-172
Q9Y2R0	1	Chainsaw_v3	True	32-105
Q9Y2R5	1	CATH/Gene3D	True	2.40.50.140
Q9Y2R9	1	CATH/Gene3D	True	1.10.455.10
Q9Y2S7	1	CATH/Gene3D	True	2.60.40.1470
Q9Y2W6	4	CATH/Gene3D	True	3.30.1370.10|3.30.1370.10|2.40.50.90|2.30.30.140
Q9Y2Z2	4	CATH/Gene3D	True	3.50.50.60|2.40.30.260|3.50.50.60|1.10.150.570
Q9Y2Z4	3	CATH/Gene3D	True	3.40.50.620|1.10.240.10|3.10.290.10
Q9Y2Z9	2	CATH/Gene3D	True	3.50.50.60|3.50.50.60
Q9Y305	2	CATH/Gene3D	True	3.10.129.10|3.10.129.10
Q9Y375	1	CATH/Gene3D	True	2.60.120.430
Q9Y399	1	CATH/Gene3D	True	3.40.50.10490
Q9Y3A0	1	Chainsaw_v3	True	46-252
Q9Y3B1	1	Chainsaw_v3	True	2-191
Q9Y3B7	2	CATH/Gene3D	True	3.30.1550.10|1.10.10.250
Q9Y3B8	1	CATH/Gene3D	True	3.30.420.10
Q9Y3D2	1	CATH/Gene3D	True	2.170.150.20
Q9Y3D3	1	CATH/Gene3D	True	3.30.1320.10
Q9Y3D5	1	CATH/Gene3D	True	4.10.640.10
Q9Y3D6	1	CATH/Gene3D	True	1.25.40.10
Q9Y3D7	1	CATH/Gene3D	True	1.10.287.110
Q9Y3D9	1	Chainsaw_v3	True	66-128
Q9Y3E2	1	CATH/Gene3D	True	3.30.300.90
Q9Y3E5	1	CATH/Gene3D	True	3.40.1490.10
Q9Y4W6	4	CATH/Gene3D	True	3.40.1690.20|3.40.50.300|1.10.8.60|1.20.58.760
Q9Y512	2	CATH/Gene3D	True	3.10.20.310|2.40.160.50
Q9Y584	1	Chainsaw_v3	True	57-193
Q9Y5J6	1	CATH/Gene3D	True	1.10.287.810
Q9Y5J7	1	CATH/Gene3D	True	1.10.287.810
Q9Y5J9	1	CATH/Gene3D	True	1.10.287.810
Q9Y5L4	1	CATH/Gene3D	True	1.10.287.810
Q9Y5R4	2	CATH/Gene3D	True	1.10.8.10|3.40.50.150
Q9Y5T4	1	CATH/Gene3D	True	1.10.287.110
Q9Y5U8	1	Chainsaw_v3	True	1-108
Q9Y606	2	CATH/Gene3D	True	3.30.70.580|3.30.70.660
Q9Y619	1	CATH/Gene3D	True	1.50.40.10
Q9Y676	1	CATH/Gene3D	True	4.10.640.10
Q9Y697	2	CATH/Gene3D	True	3.90.1150.10|3.40.640.10
Q9Y6C9	1	CATH/Gene3D	True	1.50.40.10
Q9Y6E7	2	CATH/Gene3D	True	3.40.50.1220|3.30.1600.10
Q9Y6G3	1	Chainsaw_v3	True	88-133
Q9Y6H1	1	Chainsaw_v3	True	114-148
Q9Y6H3	1	Chainsaw_v3	True	48-238
Q9Y6I8	2	Chainsaw_v3	True	5-145,155-204
Q9Y6J8	2	CATH/Gene3D	True	3.40.250.10|3.90.190.10
Q9Y6M9	2	Chainsaw_v3	True	12-74,95-172
Q9Y6N1	1	CATH/Gene3D	True	2.60.370.10
Q9Y6N5	2	CATH/Gene3D	True	3.50.50.60|3.50.50.60
